0,1,2,3,4,5,6,7,8,9,10,11,12,13,14,15,16,17,18,19,20,21,22,23,24,25,26,27,28,29,30,31,32,33,34,35,36,37,38,39,40,41,42,43,44,45,46,47,48,49,50,51,52,53,54,55,56,57,58,59,60,61,62,63,64,65,66,67,68,69,70,71,72,73,74,75,76,77,78,79,80,81,82,83,84,85,86,87,88,89,90,91,92,93,94,95,96,97,98,99,100,101,102,103,104,105,106,107,108,109,110,111
0.5221149032540033,0.522545385714946,0.5212831547035182,0.520337114364933,0.5249007355709643,0.5296497618509142,0.536079980748524,0.54487419440427,0.5494722826093421,0.5572684551367582,0.5608367913661062,0.5607715039463846,0.5622274292636972,0.5626402608110701,0.5633940674515364,0.5610284901270791,0.5550658104208438,0.5443502171257812,0.5378451099028034,0.5312812729133449,0.5268011190625986,0.5213684483260271,0.5162052345151193,0.5138331450076654,0.511905911116841,0.5139566535688828,0.5149183448241682,0.5154425609275629,0.5099421189363692,0.5094631456165282,0.5108151028841625,0.5137999950334349,0.5160319314780122,0.5149660243252316,0.5110336583664302,0.5005985022407784,0.4901987643398727,0.4861660298543553,0.4976022593218569,0.5343170727563344,0.5797400890085417,0.6130491659766464,0.6213255654968868,0.6070144379160414,0.5874755905851803,0.5780774203844307,0.574834455069248,0.5847576176307123,0.5982023074715209,0.6026425744066608,0.5965928819616614,0.5823738750783146,0.566626803448719,0.5579342402070131,0.5519237174339211,0.5529216940977572,0.5563327863269466,0.5588017751566612,0.5648504149612215,0.5673125437553713,0.5693141711172672,0.5690225668730131,0.5689897632236198,0.5689688970595476,0.5689491150326541,0.5708935626644381,0.5715820348374276,0.5745081526108521,0.5772174846300955,0.5787575171613141,0.5802248914457072,0.576908666644008,0.5752844002911224,0.5779380323688103,0.577928175592423,0.5783278786574595,0.5750952193266125,0.5735868019092362,0.5705557152404389,0.5703652833907378,0.5705563430777875,0.5703513856373824,0.567229358565992,0.5616124754998253,0.5563351826238936,0.5536091673752263,0.5469389174204423,0.5462474090002454,0.5401370718214108,0.5357136546583391,0.5317912131539883,0.5275179830375331,0.5252083018004143,0.5242229337092531,0.5261539903473302,0.5260855845909619,0.5270412033413697,0.5237148263796714,0.5236038584555368,0.5223285530461057,0.5213584733421803,0.5230762529049081,0.5248220976876888,0.524345823425264,0.5240123241079095,0.5217844650154869,0.521914226173648,0.5258483475806098,0.5259030142055164,0.5302239848235764,0.5300007107165068,0.5287656881786593
0.5293360516212999,0.5300560637144535,0.5307739600350582,0.5299885286757393,0.5304500564270476,0.5303295805412271,0.5303516072034546,0.5299522471296643,0.5308017688886592,0.5309888262700586,0.5314565487456996,0.5312412440207882,0.5306143149939087,0.5299070782038939,0.5299570738569619,0.5303310584672346,0.5300945454688125,0.5298203651380774,0.5300021540605053,0.5323965398324856,0.5327153207584172,0.5361647260404071,0.5428121970587345,0.5497069856064034,0.5532488619805294,0.5466639022314236,0.534558501226412,0.5120240341503102,0.4859187117114447,0.4582821454530214,0.437417715005774,0.4302278457186133,0.4381273498370432,0.4706066064402178,0.5147022912517709,0.5613704208535559,0.5987443328132882,0.619877438398887,0.6339422926845423,0.637580797698007,0.6439651469483834,0.6512980717486335,0.6529907618863221,0.6499413962931966,0.6309550869836298,0.6071195824826523,0.5881526953185334,0.5781732888964145,0.5768389370744748,0.5763649254461564,0.575802824408882,0.5746587288348339,0.5740919329555911,0.5738399405202057,0.5762671204397954,0.5784157016611781,0.5801289272313674,0.5814944373288857,0.5819218311145888,0.5853603620800936,0.5866793167499964,0.5877342534371282,0.58998651851993,0.5890567643527819,0.5888462903387336,0.5895209446591771,0.5899295284230959,0.5907413831950532,0.5918981796056425,0.5930578338948744,0.591156730968682,0.5898677736920184,0.5859433206054295,0.5830595751053222,0.5793742025409883,0.5756672282032159,0.5722604131556674,0.5688976708080006,0.5637949598869553,0.559170389235655,0.5557701371748525,0.5497938162933844,0.5474066766629075,0.5416765180176341,0.5381938555559027,0.5328919443020147,0.529500488202493,0.5297426503676999,0.5285335836837134,0.5274670704074229,0.5238992531567154,0.522574968613473,0.5194391906350155,0.5168604929890922,0.5153628514173113,0.5134862438050215,0.5122804222648395,0.5134463288301611,0.5147624522970222,0.5158684895128585,0.5143586057481758,0.5142381506141985,0.5140848452909526,0.5114577698767757,0.5103155071597574,0.5088222804358131,0.5102212994962523,0.5113354833229606,0.5106280794406283,0.5110723109718408,0.510179388413469,0.5094898085138465
0.5213200533778363,0.5208964469001276,0.5201215202556766,0.5226816455623231,0.5287206474218102,0.536360089257691,0.5435774738306827,0.5495382699668018,0.5523059428368243,0.5571120257707566,0.5608955529419309,0.5641379913094885,0.5653038067919206,0.5665978184669935,0.5644391839591403,0.5618186065060709,0.5527714439209671,0.5414022452072167,0.5349503806015606,0.5308561545339461,0.5265512045781369,0.5214945497995827,0.5180799283955033,0.5160374592799669,0.5155718814504556,0.5126870956132112,0.5123471155158372,0.5117290942250801,0.5118960558419132,0.5131715910522651,0.5119953816584784,0.5097477111116485,0.5101833633452232,0.5118110276270876,0.5120967840047072,0.5033766909953223,0.4919745424330536,0.4833906267754885,0.4919086988534265,0.5254673749772343,0.5730938125248185,0.6092493052915099,0.618202673639751,0.6040430331508843,0.5826010452210657,0.5721221079681674,0.5721291281875318,0.5835341678190157,0.5965901569135335,0.5982054850514209,0.5886977260706536,0.57382020656222,0.5612320658793474,0.554341681421435,0.5514092112624285,0.5518166502402263,0.5534335734159345,0.5558275297220203,0.558151620075323,0.559234774754638,0.5608550312859264,0.5630957501766003,0.5662690004015261,0.5696564352162328,0.5703250682826186,0.5717603483646377,0.5721292090813834,0.5722600636626436,0.5733330472539919,0.5753165389116305,0.5761106035808465,0.5759064867707199,0.5752129965076649,0.5753044765876074,0.5746525472224147,0.574270110421661,0.5745734120572176,0.5752535281891906,0.5742417627504363,0.5736204533942303,0.5721543601142529,0.5695359955458864,0.5656195224588391,0.5618309656076412,0.558551181625151,0.5558543812264821,0.5514337768544465,0.548013874795267,0.5431256128534971,0.5389899775207054,0.5360023278641622,0.5341933866836576,0.5314588182068143,0.5291964242650209,0.5277363332842192,0.5260833912429712,0.5252291363196119,0.5243947704232461,0.5253259305430503,0.5253774547265356,0.5250624186903421,0.5256043765718531,0.525064807839541,0.5235839243655737,0.5234758838048115,0.5243286004008012,0.5261155297318009,0.5255769922273569,0.5266031035878646,0.526830804511725,0.5275706112477455,0.5289195100383322
0.516733248578167,0.5163135987558753,0.5178114257799552,0.5190292403745739,0.5219569323305759,0.5281063091088736,0.5340352022333548,0.5427255297059469,0.5479809915412915,0.5526009264062315,0.5569936653630292,0.5580307980980206,0.5577202866867899,0.5586896943657861,0.5608090376544345,0.5583754477408958,0.5537326099225729,0.5440518944266257,0.5356095531421785,0.5299341920068135,0.527599026956312,0.5232945471967041,0.5186345584363442,0.5172961893582604,0.5141243269545173,0.5148629686799711,0.513999515586212,0.5134222805553746,0.5157426706133897,0.5151688247191443,0.5152943062575711,0.5148178880728624,0.5146151565573386,0.5158670866403581,0.5148100151234101,0.5071349176190558,0.4990683600434389,0.4941220616440897,0.5151588819968738,0.5549331703359934,0.6010743981259551,0.6256868872757061,0.6260821666131947,0.6066652616445384,0.591244148929902,0.5896557724787594,0.5939787131773722,0.6049559204360837,0.6118202806307113,0.6157682078099488,0.6120838508811998,0.6042983543299977,0.5990397197603495,0.5963395286927725,0.5938051843521192,0.5898410027514002,0.584932632098408,0.5820763039023958,0.5806745332491535,0.5811085126887757,0.5848209730540869,0.5861634618791774,0.5880028199771669,0.5893962659633635,0.590088771133792,0.5914045154444085,0.5900748664469078,0.5905933899495259,0.5906841338610962,0.5920724197896456,0.593131153949747,0.5940833348075292,0.5931767803090015,0.5895763140888957,0.5870152893197388,0.5833919192587911,0.5805057921190659,0.5791704819336532,0.575755811943014,0.5714353527925118,0.566237035755817,0.5588862249478623,0.5541909981286687,0.5467932140460853,0.541387933004599,0.5378309248985668,0.5332622701621597,0.5287637130506105,0.5234317661404664,0.5204151341647927,0.5169016983994532,0.5143924091221732,0.5129723875325768,0.5118072743927973,0.5126921065709105,0.5138825705598696,0.5140128421729838,0.5124415433642879,0.5102818904459391,0.5098644315287163,0.5116941192780137,0.5142460795311501,0.5156641088426732,0.5177769379494727,0.5172787961101661,0.5161269939618722,0.5173277258216352,0.5175266272761233,0.5185001427530457,0.5178751289163906,0.5177393671648544,0.5178865408291945
0.5173131449982354,0.5173917798428134,0.5176144772092618,0.5227120515542855,0.532078946082564,0.5416286672942056,0.5510409126653442,0.5573607588641393,0.5619646042658961,0.5664823319969575,0.5711380470836426,0.5721551705936679,0.5713321563351491,0.5703867308535657,0.5666275413453086,0.5634702514531863,0.5568649053272436,0.5530398660420821,0.5496146857747735,0.5456186201918914,0.5418797970904508,0.5403253011842651,0.5394794567701118,0.5378576378373119,0.5365721720391647,0.5346406909989172,0.5341058935163551,0.5323505088382315,0.5330755896563614,0.5332117737387994,0.5330080935785948,0.5354673217745767,0.5365566453564891,0.5366601421646411,0.5367451666156303,0.5312007699171141,0.5221562488055796,0.5148176692505981,0.5213987760160971,0.5554846837924742,0.6112222277652839,0.6579760084028644,0.6778565549829635,0.6680885447061661,0.6398156925182673,0.6192405157557996,0.6108644269320808,0.6095839269506174,0.6109399438835992,0.6067356614343461,0.596513617017838,0.5856124513652992,0.576134386345976,0.5741945435294058,0.5732019783983332,0.5706321498403173,0.5701592811676445,0.5707899259817555,0.5721820426604479,0.5724494388233964,0.5722294445940448,0.5723069369555988,0.5753340357956281,0.5782101838741346,0.5824953777124483,0.5847555098852727,0.5834793249227425,0.5816179877109496,0.5819360483527104,0.5821614681067908,0.5846469378266415,0.5849612374212443,0.5900318816610365,0.5923955369021292,0.596820025908274,0.5999208666884752,0.598186644904519,0.5987711533488843,0.6001321784956721,0.6026507954162459,0.6042322775013087,0.6048100794500633,0.6064952306011862,0.60817428026355,0.6078724353003595,0.6060461882864221,0.6023430844796358,0.5985051027049121,0.5944058646757346,0.5918785344771629,0.5870583888924349,0.5807155437847995,0.5715529064228876,0.5649262988999492,0.5584271242797474,0.5495834457329761,0.5407931210254544,0.5305932063734512,0.5226197208736211,0.5155618073869845,0.5124438247552088,0.5095375111539514,0.5049798999088183,0.5035758736888685,0.5033609420325323,0.5053765943177553,0.5044892001951514,0.5037615947071059,0.5011186073495734,0.4998164798165039,0.5002517853194487,0.4998284562994567
0.5051504492068178,0.5069597254572176,0.509233455420841,0.5101230121324409,0.5114865336399242,0.5161608514718667,0.5232394569017601,0.5295586660905836,0.5363388253142714,0.5414595370147873,0.5439531634618755,0.5493548806981314,0.5530692860322344,0.5574158192846599,0.55932569514708,0.5625196215839999,0.5600231237051723,0.5521383538633655,0.5416214918253399,0.5314916962252247,0.5259717942695291,0.5197488008384055,0.515016683819774,0.5113997244768046,0.5079257465765358,0.5062975129293695,0.5060663929021966,0.5057848933584181,0.507281595818118,0.5050971342270265,0.5072300679767257,0.506399061185509,0.5082586669089397,0.5120874679506294,0.5143043191371149,0.5101449875035685,0.4980647196632488,0.4880592561328552,0.4903133243479524,0.5175293540460665,0.5661890957664114,0.6113111199747713,0.6296637610271361,0.6192072601028412,0.5960318558134017,0.5823070359686207,0.5817866366512313,0.5901901941070241,0.6035109837053967,0.6099160650013152,0.6086242650825131,0.6025334033654656,0.5971532422238889,0.593881019597088,0.5919357718640049,0.589789408515361,0.5849188094136156,0.5805574247345006,0.5762315733965484,0.5770263759728018,0.5789292441483216,0.5804110769986708,0.5827504896413287,0.5831234058323704,0.5838480015465812,0.5843025356518272,0.5859209465652581,0.587118009934044,0.587016530135465,0.5875464948990106,0.5880720724055223,0.587459215511527,0.5858276258415451,0.5841740065652414,0.5823850383325911,0.5784102066657228,0.5759956638494034,0.5720056174516349,0.5686798307303806,0.563570204574697,0.5597140265241148,0.5550381101350393,0.5483182363026097,0.541458135476349,0.5362379521923776,0.5311519355624579,0.5265589875260518,0.5219399393216673,0.5177302517328592,0.513368788215001,0.5110480581052306,0.5090198639744354,0.5087824432934327,0.5079612669054352,0.5080328392545986,0.5086582829151155,0.5070324576273325,0.506624428082556,0.5066981835465778,0.5081069580163321,0.5087527823639654,0.5090945334318728,0.5110706721864187,0.5118263105866353,0.5104909732453441,0.5109017921552088,0.5107415609569037,0.5115292516675746,0.512222072000274,0.5134223668173675,0.5148447563783871,0.5154698379803819
0.5176623348869666,0.5192445673308425,0.5177294340807488,0.5177652921724055,0.5180823177065564,0.5201873615109911,0.528709484077048,0.5369206698379302,0.5449974351526441,0.5474232614943952,0.549882826497709,0.5523092429210916,0.5537091649247623,0.555190906440362,0.5593212919963433,0.5605528356535858,0.5562969392990674,0.549156560071797,0.5381042898178325,0.5315129778067488,0.5258328336821242,0.5235071422202185,0.5201866459912231,0.5162573128072204,0.5135329119633993,0.5128966546094681,0.5128873769144771,0.5122682006894866,0.5121572579369584,0.5123547279270103,0.5120560059386308,0.5114507280821371,0.5127298712074984,0.5130297830465911,0.5107079182117057,0.5057804459129486,0.4956547180642833,0.4870329497449243,0.488953920476247,0.5157914640998581,0.5611304297303391,0.6011337097972083,0.6160827675926631,0.605561933137716,0.585194762463107,0.573286361834512,0.5776848474675619,0.5889776188887569,0.6009443576422286,0.6064300218795096,0.6053467200019216,0.6009692715369248,0.5937319303947917,0.5889455227868345,0.5807027279016376,0.5753561283992419,0.5714910970622993,0.5737443384458671,0.5760177184650147,0.5762583067544571,0.5765250985601528,0.5772059559210102,0.5784987584327961,0.5797677381140991,0.5826075326191039,0.5855029237100543,0.5868518978206697,0.5849483214384474,0.5855101658116817,0.5856878583105118,0.5867015719908949,0.5881438741052236,0.5884454976465748,0.5866541315671359,0.5855110653661725,0.5853814542949873,0.585750901763221,0.5837183736703331,0.5786912617904659,0.5758400331483685,0.5706322392925803,0.5665998188331076,0.563905675284143,0.5585335884041062,0.5534082087481983,0.5464610113136773,0.5389836723676559,0.5343996814694447,0.5273854043590211,0.5247897152549307,0.521642282380066,0.5184728303845868,0.5139276867388707,0.5119243317822756,0.5115461402377269,0.5098636041586653,0.5093314277795586,0.5110923478144181,0.5123816028484943,0.5149523955254538,0.5171371022910147,0.5167840976028237,0.5178072750766382,0.5172408463855169,0.518585665333439,0.5184628538625783,0.5182442972135631,0.516826645680966,0.5187109965955505,0.5199870447208076,0.5202447154806169,0.5203367688253301
0.5070265287204225,0.5075348102160365,0.50821077401879,0.5075544185510978,0.5087891769079074,0.5091101553845404,0.514581006552563,0.5217018972033209,0.5304072494886404,0.5385426159543312,0.5403934026669538,0.5458018754494288,0.5498085426964477,0.5511270595165554,0.5506457907360699,0.5530581936388913,0.5557470228886332,0.5532479311371695,0.5442371830766768,0.532920985314576,0.5221761020409162,0.5154628126761671,0.5130846759868614,0.512173298160338,0.5115229548363633,0.5108537636076476,0.5103625264037717,0.5101058949780779,0.5086512304805139,0.5083845530419643,0.5095421534018617,0.5138476035055485,0.515079974668198,0.51571196624988,0.5166275489741144,0.5086521044912777,0.4994722541333181,0.4920327754596417,0.4998842049917061,0.5349710736532269,0.5862073930228738,0.6242788570017792,0.6339472051993749,0.6167134235536863,0.5952571525278622,0.5893635814767201,0.5936346179576326,0.6071041501086679,0.6144490823467139,0.6180979185972889,0.6133068597237169,0.607010420592726,0.606697274157225,0.6041271665828943,0.6038405662736704,0.6010723760542573,0.5937957101045507,0.5884220992523252,0.5849023430310798,0.5884229696318151,0.5889580636666063,0.5895180557099181,0.5865171662202627,0.5868040268110581,0.5889536081899073,0.5898405533068695,0.592010506318057,0.5905911321250942,0.5911994241497597,0.5920450491050993,0.5933315980179923,0.5912802037575035,0.5890566442479109,0.587184563854336,0.5851569494648826,0.5815148326118397,0.5779170636337474,0.5722975471780406,0.5670929393304455,0.5640479190896571,0.5597312310490117,0.5564931319145904,0.5484745186587705,0.5386549459961295,0.5318541432518208,0.5255433460080482,0.5200094862485447,0.5172111338729668,0.5128816204742166,0.5107859421156643,0.5076983847774751,0.5057126329424371,0.5071000980783877,0.5044456795099219,0.5062580441007208,0.5052801271108822,0.5055364023844733,0.5067146305938041,0.507373164795848,0.5072692290618308,0.5071775181027733,0.5087147706989231,0.5115776578792863,0.5132194632807217,0.5135200091715209,0.5139884721296941,0.517001044397127,0.519002814430192,0.519060824628523,0.5189502076262229,0.5202401099602643,0.5270343744669843
0.5240364573210072,0.5242661368756384,0.5248537972816327,0.5235189123889858,0.5268479526067876,0.5319295984857345,0.5409874067791868,0.5500675072752179,0.5529716124129369,0.555592076650468,0.5596848185680086,0.5647172156373809,0.5685397453637616,0.5696587183966281,0.5717480277922444,0.5701385163033456,0.56611419978524,0.5568135900362274,0.5469163718515513,0.5393545480379939,0.5342100223870769,0.5321142914884547,0.5279069263738416,0.5232881167227957,0.5205610375724149,0.5202769045266775,0.5203427966645368,0.5195579521934847,0.5201840256531787,0.5204729886306885,0.5211954351865835,0.5222338536439481,0.5226295421034486,0.5226012541639432,0.5211015337148631,0.5162402267990865,0.5048197196803482,0.4960353564663018,0.4939186385536172,0.5177282222648593,0.5611632712877201,0.601289928566781,0.6222400994746384,0.6179134855100645,0.597209397133862,0.5848262395885226,0.5817228710926027,0.5887652048438763,0.6007543736358917,0.6098549027444757,0.6083709796653479,0.5978899134727981,0.5832474052704765,0.5739613526954398,0.568759190920835,0.5657380609890722,0.5646150191252348,0.5665542431271836,0.5696103003045538,0.5726281718818242,0.574220024487882,0.5773629112419827,0.5783604665735783,0.5778011705262563,0.5789539469292873,0.5800416671775693,0.5817915151026694,0.5843531384598081,0.5856205878336147,0.5860690362018364,0.5850100019981261,0.5852449614637867,0.5865321591060851,0.5879117340141059,0.5878459455581365,0.5888297592448186,0.5884339241595765,0.5882296784296475,0.5882628867797467,0.5854258762555136,0.583162973110514,0.5799448572994547,0.5784357312991266,0.5746171424186916,0.5698525780099809,0.5636048334079229,0.5576931963099709,0.5521904907383862,0.545820807551374,0.5413549494890592,0.5386573114360256,0.5356947802325227,0.5324931245475013,0.5302763104145305,0.5270300397477692,0.5244569902376403,0.5236954107876339,0.5229461639605674,0.5223564315626973,0.5221813352897676,0.5231709406571446,0.5239295481514651,0.5247944764215473,0.5252083519037645,0.5255007551567985,0.5255154218727669,0.5236591124170489,0.5250082126241373,0.5255825834418092,0.5262910071452297,0.527524953063635,0.5272616959106059
0.4782313760025816,0.4789134378661461,0.4790581181923224,0.4793763599231318,0.4799811704658991,0.482749136541467,0.4906069719723724,0.5005251711994775,0.5083651246042261,0.5128258725658164,0.5171661005625329,0.521923757182433,0.5253083335431926,0.5265291119444832,0.5277759613716267,0.5272366832765225,0.5214805687792321,0.5118430190026646,0.5035575933812175,0.4978769240750413,0.4947492507607082,0.4937893751357698,0.4926830648889219,0.4901686203704219,0.4888179006396903,0.4890078772840403,0.4890688551868768,0.4901937696704125,0.4897468118871361,0.4902305505961093,0.4883216060341891,0.4877963222368096,0.4884434054738855,0.4915725753699644,0.4936314568172756,0.4924997500160133,0.4869044297678899,0.4821936218474135,0.4864260016650283,0.5156897680961572,0.5655409020184222,0.6129414746804814,0.636795655194869,0.6313885411629163,0.6104665155135165,0.5918343687334751,0.5822359084249722,0.5801554720462169,0.5770287561808983,0.5676198023085949,0.5527261274694505,0.5363318622570044,0.5247036795854593,0.5232313852888499,0.5253544325401088,0.5257671403429989,0.5226481428772887,0.5207761198855777,0.5212733380530435,0.5238250882744809,0.5257100246418811,0.5268571592865158,0.5281123694577214,0.5273366585422723,0.526911228776995,0.5267956088029891,0.5247164301451416,0.5246758579556672,0.5242961909437046,0.5267277226729615,0.527357509716925,0.5278681512544153,0.5275701016941536,0.5251701567718156,0.5222390401441107,0.5207723153397896,0.5200102623048304,0.5184773695276348,0.5168224044282813,0.5146992766911673,0.5126444694475869,0.5083817432185883,0.5039694885030652,0.5005609555201684,0.4979542547564806,0.4977995669288811,0.4976912052022426,0.4995478584687498,0.5006884954085425,0.5012124310870733,0.5027609777157068,0.5030691847153991,0.5047228273278918,0.5078014267032719,0.5094743261815374,0.5074029534436735,0.5028819164313071,0.4995210746538734,0.4957673942616939,0.4924186159032194,0.4864084402694639,0.4808057090112506,0.4730493557843211,0.4633735511083923,0.4545665599097729,0.4467561532112051,0.4404020584857238,0.4359939820832323,0.4315926665174143,0.425028884453796,0.4185580638709432,0.4146812913613025
0.553927965147964,0.5534457850915327,0.5537822085056372,0.5555740138887914,0.5523745772729396,0.5514902860541867,0.5532461096017472,0.5544040211466272,0.5567183564316478,0.5559812825933539,0.5539319818618276,0.5550428387123734,0.5574228835506281,0.5587194480742738,0.5596413289670906,0.5611127928736263,0.5628175775931251,0.5647224302988373,0.5614545698593404,0.5542958529101232,0.5531936308903478,0.5523532516046308,0.5541312790777576,0.5559284258722076,0.5544058599878947,0.55406873519261,0.5544803938829672,0.5562725825797032,0.5575082701672418,0.557938365798011,0.5562621800124941,0.555084751972196,0.5532967075910898,0.5528132017820884,0.5564604327029745,0.5533973652530763,0.5473968138987343,0.5410514465357603,0.5480322544763713,0.5759536871329901,0.6267207908407124,0.6803979708037804,0.7114741030433632,0.7113305877281307,0.6867273135887405,0.6612487343530923,0.6462047300324463,0.6386734648590449,0.636143295753973,0.6271630513182059,0.6119897691797243,0.5974404846040166,0.5889471121000351,0.586482475831675,0.5880747205617349,0.5860238013855846,0.5878905216615488,0.5870286834495227,0.5851411507407643,0.5874842354993145,0.5876244742010854,0.5891050718908953,0.5878420570341478,0.5860226017355784,0.585816854843454,0.5850907584926497,0.5869614752791166,0.5834224465623142,0.5832138013372651,0.5861257086128108,0.5897658488524975,0.5921586957019842,0.5886493953861347,0.587403958112539,0.5894742251680004,0.593294773312757,0.5937499280296173,0.5963083613271865,0.5989552575683128,0.6004241928987649,0.6026254285330925,0.6035065268129248,0.6062275830782867,0.6065312852257285,0.6094751724730182,0.6126786196287748,0.616051968157636,0.6183005876667312,0.6187154077733008,0.6211514786018159,0.6209110487304099,0.6227621637519861,0.6250074852598064,0.6228057050791073,0.6218350632018841,0.6190033362536199,0.6162312960669301,0.6135245913207868,0.6076810999055144,0.6018882456078346,0.5931576200935269,0.5829545530668903,0.5736194737693476,0.5623631302067469,0.5515469744303486,0.5399104581005176,0.5330814300971862,0.5271075962458415,0.5221844731319657,0.5146655341206569,0.5079361428182118,0.5003674272858886
0.5384466184729658,0.5392550788619705,0.5407975400193925,0.546137393065041,0.5533222692079807,0.5610713435551331,0.5664826931050377,0.5699870361849967,0.5759523420504472,0.5795037918564834,0.5825612793450667,0.5852090833223029,0.5867275417342626,0.5853758828992336,0.578867988557704,0.5692914191532499,0.5581801048309669,0.5507466115629456,0.545708100304942,0.5425138875922166,0.5366541555655638,0.531884595553509,0.5276989231236322,0.5269922970903331,0.5266317325359394,0.5275447680075697,0.5279377084305332,0.5263984777919924,0.5254389080526076,0.5257950273553602,0.526125729841919,0.5266213137916096,0.5260333488682563,0.5275035279672523,0.5269505784025965,0.5188618429512061,0.5076517736798474,0.4970530631417479,0.4985170415275259,0.5235793612870473,0.5618178038253547,0.5957845690464065,0.6077333384810649,0.6060016056542064,0.5898876847579486,0.5781593807515792,0.5710154403155436,0.5689426741360682,0.5680759870612506,0.5618090636329728,0.5543942993352946,0.5514914084716621,0.5556262191637046,0.5586081574102676,0.5598756667066705,0.5619671480084265,0.5618083873167582,0.5633709250147305,0.5645945535306275,0.5653478648259678,0.5658880815506805,0.5665010865850554,0.5671038252058987,0.5687917817621553,0.5704888991434798,0.5731625681176787,0.5744112716275912,0.574132638733587,0.5739201037722439,0.5761790450292046,0.5778765925683746,0.5788325129601739,0.5796752566023456,0.5803685579947584,0.5812141854486192,0.5823546445938725,0.5838608386164293,0.5849312613457008,0.5833738732656797,0.5824095834918365,0.5817840022136334,0.5809024226632027,0.5800528569391674,0.5794966527179483,0.5786507327060813,0.5780722989017758,0.5772896871702673,0.5767942645975317,0.5745480718890636,0.5703123029799001,0.5674396704747691,0.5643801056561564,0.5613400956775466,0.5575228051141068,0.5543165778939586,0.5518311099373805,0.5491600316677971,0.5473146541223168,0.5459120682691736,0.5442399804481469,0.5416501608673936,0.540754161847207,0.5395431569794329,0.5397306862069666,0.5402944947880716,0.5406619068167638,0.5398261109221275,0.5370782308899814,0.5369645111503305,0.5377588298866113,0.5389637970362754,0.5399979728927305
0.70933472436466,0.7085884688035641,0.7081586874061798,0.7095754075809354,0.7110796582694884,0.7131634711901025,0.7126180961774236,0.7101720480337225,0.7086879677659388,0.7077214239718452,0.7074628849891124,0.7098943029776772,0.7108162681397484,0.7118419925392142,0.711598593015389,0.711198746741866,0.7125770802378637,0.7127709550976163,0.714166980830708,0.7156484756797676,0.7157724448746943,0.7171219237252873,0.7168656705039802,0.7158704349238209,0.7137431957228721,0.7103165069715042,0.7106542303533434,0.7114003284050927,0.7143722808550836,0.7164437533462803,0.7171550515565315,0.7160847320319371,0.7154129342834696,0.714538479283947,0.7144093143485492,0.7137386315358587,0.708106236146526,0.6988548270041268,0.6926174813017092,0.7005509865568539,0.7398479558017955,0.8047405792095477,0.8553939035879408,0.8517766792959792,0.8014128268832622,0.7334200074680365,0.6923427265499467,0.6873677554100502,0.6952115922530722,0.7056614169387753,0.711942645806176,0.7129157663435465,0.7127322424170863,0.7138110168273887,0.712918508903662,0.7145025431260202,0.7152351009225297,0.7168210746602278,0.718550506252548,0.7181648805348873,0.7174619313285335,0.7188100944753053,0.7205266813606139,0.7225545873346209,0.7234768513122654,0.7240018029206661,0.724336271319137,0.7252527356573232,0.7260520278004297,0.7275296168134004,0.7304799835638334,0.7311438901907501,0.7318753685165047,0.733216076989112,0.7355984447135969,0.7403269510977138,0.7443731807474919,0.7512657939702185,0.758039272315971,0.7645332835676883,0.7710319865205567,0.7744860546153604,0.7779423265297691,0.7801423474692185,0.778780185039844,0.7774832007774733,0.7772449929449562,0.7788460455817987,0.7821902939505202,0.7835678205375867,0.7811014874865585,0.775080918811947,0.7648542483786663,0.7523340044249421,0.7419462529146934,0.7340455370465045,0.7261765304509731,0.7220720335883059,0.7175230631940454,0.7151271076339584,0.7143905328188113,0.7130719915115645,0.7139822089086609,0.7132843511124364,0.7136811273911303,0.7134266208355097,0.7145887231947942,0.7156035770890005,0.7164450589339139,0.7143054545685215,0.712489376963778,0.7147015193965323
0.7175975894574166,0.7182699224953526,0.7193050933431673,0.7186336653905561,0.7175058582208038,0.7156474864330361,0.7168804927080814,0.7172495421459746,0.7182211235208896,0.7174236362895957,0.7160351261697889,0.7166027886921271,0.7160591247066668,0.7169709244434374,0.716761295751327,0.7180840717977649,0.718498221381067,0.7184571921892982,0.7171318803235369,0.7169689232690244,0.7179457822475424,0.7194454816738417,0.7202583594932587,0.7195529455574848,0.7204141855729138,0.7202154713194208,0.720016267909502,0.7195880356888826,0.7194007422483292,0.7200819666664618,0.7221415671489176,0.7225242658364334,0.7230159385527196,0.7207735382644215,0.7193554342491131,0.7155612321286037,0.706186397825103,0.6936106939210551,0.6866076096171109,0.7033565405951124,0.7477269282920274,0.8035441392420736,0.8251236372625046,0.7991162484538121,0.7507266562364778,0.708463029006657,0.7001647634766667,0.7054080183164579,0.7105867033690294,0.7154151391432497,0.7165887049270969,0.7178352581090299,0.7159834035506423,0.7148609683823755,0.7157250225266705,0.7172967389964959,0.7189337034494167,0.7199257870626332,0.7193554403232051,0.7195221433095649,0.7204537100088821,0.720642434265854,0.7223428378654535,0.7247126840976098,0.726672928884445,0.7279289403674131,0.7268756598677818,0.7255485323048168,0.7246269463748938,0.724895090638065,0.7256131149635072,0.7272498949939036,0.7279017757737378,0.7271442135481868,0.7266990550518525,0.7278677457568671,0.7309380891603479,0.7347946887171253,0.7383593478973763,0.7418136081494262,0.7451762245456808,0.748916198044268,0.7512095907444399,0.7545812853973481,0.7582760465986158,0.7606268839852358,0.7626545479701784,0.7623734118313082,0.7643436957933027,0.7671686246521472,0.7713454337188822,0.7729642499318199,0.7682599346210865,0.7595955132568828,0.7476040523207031,0.7374452149598218,0.730533778652832,0.7246350231879324,0.7216606580644667,0.7196246171010954,0.7175066762575462,0.7152815736560775,0.7116114090867188,0.7103939479426685,0.7111070236336576,0.7117044032894847,0.7125302280556222,0.7125651525096742,0.7126361007569822,0.713008859740509,0.7151465072914427,0.7160758503040111
0.5365029558290307,0.5375277493033023,0.5436813821570404,0.550366062935537,0.5587878095812062,0.564234569604984,0.5667140718454023,0.5695786035516686,0.5730658298343376,0.5766665895081405,0.5789274855170556,0.5796663988042215,0.5772639113620073,0.5704659574390851,0.559846305604278,0.5461536662720495,0.5397870788293094,0.537960782346231,0.5346789690185934,0.5307953559390799,0.5246903842746864,0.5201038282926876,0.518473391707003,0.5180093334500474,0.5193611483332975,0.5197711754203304,0.5179926663055712,0.5171549561409038,0.517320734405858,0.5174283196575512,0.5177134789523106,0.5183808911999443,0.5160706394393818,0.5117958413791256,0.5030438285162291,0.4905207091662609,0.4791430199625355,0.4774877504473599,0.4995121850055393,0.5376540491314995,0.5729107981556573,0.5891532372557884,0.5900855903361543,0.5725401055704826,0.5577466639171994,0.5500715197792907,0.5449448001046275,0.5435228613810514,0.5390169472509639,0.5322858863572828,0.5346930634068136,0.5388060687819133,0.5433375032835329,0.5448362961410018,0.5438516449712529,0.5440616983293725,0.5437681520333715,0.5432658346374822,0.5423824596031509,0.5438764263385938,0.5455551113322475,0.5465357634577691,0.5462847629426617,0.5476401911219846,0.5502422588598511,0.5509750554369466,0.5513749468240265,0.5516446408540528,0.553079927926295,0.5533873199895399,0.5543009152350843,0.5547313306387096,0.5559534981810561,0.5555144840788733,0.5573430851294242,0.5578688556345803,0.5582824546928077,0.5602902703990374,0.5598704333635558,0.5611525214191495,0.5594144509367955,0.557061628629218,0.5558268179324584,0.5523507952645509,0.5534136860718337,0.5538864311633965,0.5524128108971939,0.5484653579733119,0.5439668017451912,0.5411522010639327,0.5377467662288139,0.5347170667460538,0.5344227142352687,0.5329757880313811,0.5331150273833863,0.5312845491203679,0.5297506523474438,0.5285813272104078,0.5259477756330067,0.5271302369437704,0.5284227223362897,0.5289865183229121,0.5289125641018124,0.5278339763341954,0.5268861441299204,0.5268822228906713,0.5277191005729676,0.5282061059902973,0.5279358270404301,0.5264371943196169,0.527776816360756,0.5286749554608364
0.7073545283348867,0.7102664442263665,0.7124312933379285,0.7112814091100671,0.7106593345401477,0.7098196698674195,0.7099728763923655,0.7107725092112105,0.7107952962026866,0.710328524096408,0.7089548678087889,0.7086137977586663,0.7091397755739971,0.7083156500085857,0.7091043774678563,0.7093034763474373,0.7095343424304756,0.7109693630118742,0.7101818019941039,0.712032745625205,0.7123599649891565,0.7152511606151669,0.7156539337765555,0.7148948484593397,0.7130695526594775,0.7125358514827765,0.7130635398162405,0.7148197734171323,0.7153905684315269,0.7140412619817458,0.715371708782671,0.7174065463503634,0.7194480399112088,0.7199277629414099,0.7193649100972128,0.7158776404493217,0.7092184234645016,0.7039336550030691,0.7079177688781132,0.7429030935689338,0.8024178483222988,0.8639223651312963,0.8762200811289906,0.8323783084786146,0.7636919012145106,0.7088830526255258,0.6961806076763691,0.703798005573246,0.7158187242002776,0.7244520346333941,0.7271160548418196,0.7270693165490096,0.7271620462696607,0.7269824443814495,0.7279796145907848,0.7297116714683418,0.7336318583704738,0.7374817364327778,0.7396590784111383,0.7404383285773314,0.7418413497099793,0.7425176720700124,0.743349315471759,0.7433341795949157,0.742822601135766,0.7430114206549859,0.7414791482636055,0.7400289625364503,0.7407575410458603,0.7418974683938258,0.7441544194178951,0.7464445161590729,0.7479909212689249,0.7482527298411742,0.7493294290477919,0.755096286376632,0.7629482904666743,0.7704460860772858,0.7746732232513456,0.7762812937097545,0.7788355211344805,0.7809236336205291,0.7821120404426439,0.781825889479409,0.7823932801058808,0.7832921168840288,0.7843348937492528,0.7829103644953992,0.7772021613132937,0.7667561952461398,0.7548311169176254,0.7426656987617624,0.7342470964478489,0.7274459416379515,0.7220069120860608,0.7175012568271745,0.7125630293870684,0.7093149288457486,0.7053058240062757,0.7040330781385622,0.7020268678185747,0.7022751132948087,0.7029888553018578,0.7033973289549077,0.7039365557909478,0.70216745078622,0.7011324492932814,0.7013395824529852,0.7023954160812396,0.7041375518918309,0.704432612576714,0.703996248347835
0.7073545283348867,0.7102664442263665,0.7124312933379285,0.7112814091100671,0.7106593345401477,0.7098196698674195,0.7099728763923655,0.7107725092112105,0.7107952962026866,0.710328524096408,0.7089548678087889,0.7086137977586663,0.7091397755739971,0.7083156500085857,0.7091043774678563,0.7093034763474373,0.7095343424304756,0.7109693630118742,0.7101818019941039,0.712032745625205,0.7123599649891565,0.7152511606151669,0.7156539337765555,0.7148948484593397,0.7130695526594775,0.7125358514827765,0.7130635398162405,0.7148197734171323,0.7153905684315269,0.7140412619817458,0.715371708782671,0.7174065463503634,0.7194480399112088,0.7199277629414099,0.7193649100972128,0.7158776404493217,0.7092184234645016,0.7039336550030691,0.7079177688781132,0.7429030935689338,0.8024178483222988,0.8639223651312963,0.8762200811289906,0.8323783084786146,0.7636919012145106,0.7088830526255258,0.6961806076763691,0.703798005573246,0.7158187242002776,0.7244520346333941,0.7271160548418196,0.7270693165490096,0.7271620462696607,0.7269824443814495,0.7279796145907848,0.7297116714683418,0.7336318583704738,0.7374817364327778,0.7396590784111383,0.7404383285773314,0.7418413497099793,0.7425176720700124,0.743349315471759,0.7433341795949157,0.742822601135766,0.7430114206549859,0.7414791482636055,0.7400289625364503,0.7407575410458603,0.7418974683938258,0.7441544194178951,0.7464445161590729,0.7479909212689249,0.7482527298411742,0.7493294290477919,0.755096286376632,0.7629482904666743,0.7704460860772858,0.7746732232513456,0.7762812937097545,0.7788355211344805,0.7809236336205291,0.7821120404426439,0.781825889479409,0.7823932801058808,0.7832921168840288,0.7843348937492528,0.7829103644953992,0.7772021613132937,0.7667561952461398,0.7548311169176254,0.7426656987617624,0.7342470964478489,0.7274459416379515,0.7220069120860608,0.7175012568271745,0.7125630293870684,0.7093149288457486,0.7053058240062757,0.7040330781385622,0.7020268678185747,0.7022751132948087,0.7029888553018578,0.7033973289549077,0.7039365557909478,0.70216745078622,0.7011324492932814,0.7013395824529852,0.7023954160812396,0.7041375518918309,0.704432612576714,0.703996248347835
0.7175253662257647,0.7192931439082798,0.717826830424279,0.7170161713750628,0.7147010390953425,0.7130962193321148,0.7157450360424504,0.7169406149736023,0.718828609862411,0.7212781293725185,0.7219264799159382,0.7245044525453386,0.7276572098985348,0.7264403087415482,0.7260791111247271,0.7222864555536223,0.7224731525790432,0.7227523016398173,0.7208538052291398,0.7185169544865753,0.7176143404060623,0.7178691935854176,0.7192576740693295,0.7191358032858066,0.7178943414655445,0.7160035111485092,0.7159651640494451,0.7185044145648608,0.7214556491080382,0.723648376812732,0.7228944340924092,0.7229537176619101,0.7262440930502576,0.7228483736544071,0.722729691773416,0.7177383479848469,0.7115182846567494,0.7056317673896491,0.6991604158517946,0.7037653147347485,0.7309455823683297,0.7727067808346757,0.8113607010739358,0.8108940523812196,0.7713089212091391,0.7213478871974126,0.6865502004694969,0.6863652578724309,0.6960975506167518,0.7067851280510548,0.7109337399533631,0.7141262838676206,0.7156113177109676,0.7171602178680425,0.719918273490071,0.7204386221463432,0.7218026974344302,0.7231959161527943,0.7241865170956753,0.7243796764930953,0.7239759191938134,0.7258524885895604,0.7295371038048692,0.7309785278299411,0.7277994786433821,0.7241609057372173,0.7235848260895771,0.7275953474725482,0.7261153501577192,0.7244449273315606,0.7186948363088396,0.7194391784904447,0.7227329214305168,0.7210369410599445,0.7204979051274663,0.7169923677542769,0.7177347146689244,0.7194749416127323,0.72176690702129,0.724007410732465,0.7298757998096965,0.7383372920487108,0.7440564584889309,0.7510201912317744,0.7558260124893484,0.7605142975194525,0.7627135622538506,0.7632699898324592,0.763608857519289,0.7651495967203374,0.7684121215197908,0.7684620467251799,0.7696466404032289,0.7670658696229687,0.7583872574089244,0.7471050089126753,0.7362562349517997,0.72779782730676,0.7231572893681334,0.7169662482516547,0.7114113693292358,0.7094201194449897,0.710579693273308,0.710934564617306,0.712203078957399,0.7136226766288051,0.7111493828042629,0.7127866920833483,0.7136456059418478,0.7156597996388245,0.718744575911934,0.7143997878374108
0.7176812569747947,0.7183531579845229,0.719737748390057,0.7216423335210148,0.7218042223309868,0.7219509688040715,0.721629765627111,0.7240781753407152,0.7268006578865118,0.727782686047064,0.7288058689570261,0.7292685529823165,0.7305185467520393,0.7311948444408183,0.7299278288023389,0.7299198098719671,0.7293984598630578,0.7317708441100725,0.7324367628707883,0.7319052888756907,0.7316257666703077,0.7300325207967072,0.7302378477165434,0.7294923392479369,0.7286645179169751,0.7301615917819916,0.7297460912463885,0.7309180311149682,0.7307196240258327,0.7300665497882145,0.732376171379866,0.732039364865616,0.7319857406732827,0.7310126176031185,0.7292253539684564,0.7277841754978076,0.7215154732444322,0.7127317001465452,0.7073785757597306,0.7227777056182526,0.7580567376041549,0.8092563751719695,0.8367634447069027,0.8111840923727156,0.7657224574520645,0.7165448220506575,0.7023094043308479,0.710833156361618,0.716773802936769,0.7191441292714169,0.7201047193136421,0.7210094820086935,0.721841531726936,0.7240088410530555,0.7238471826138574,0.7251301275069942,0.7289097124450662,0.7313254142382551,0.7371248922892863,0.7446084208620405,0.7501427691595334,0.7567350039917907,0.7593567635825054,0.7624088893529276,0.7651980457795907,0.7662961148740365,0.7668765689878259,0.767147062609594,0.7666044220536158,0.7665752133117782,0.76833163798625,0.7653993511779987,0.7571846019433235,0.7435278303354029,0.7317570536453186,0.7220431701610356,0.7182823870277079,0.7155226966594971,0.712916409261159,0.7136136643169038,0.7113764386759684,0.7090996397099911,0.708551746594443,0.7068949631231775,0.7057155578112193,0.7038797742468058,0.7003585338379524,0.7004082964174362,0.7001488532222622,0.6990453888913052,0.6949593418794251,0.6904493097552559,0.6877183277686242,0.6883516404050263,0.6895526014789317,0.6914612757429008,0.6921126357385537,0.6911921842005018,0.693084369827109,0.6947559693216687,0.6996204613350122,0.7007988815783452,0.7013578392659395,0.7011684210649434,0.7005581737467065,0.7017353114382343,0.7013900579284347,0.7020707324305254,0.702247135117247,0.7008032651278719,0.6999600119354672,0.6991074374783529
0.5746132177173423,0.5720905120434917,0.5729642735051858,0.5727812267039337,0.5732806881635679,0.5741205829250579,0.5745146331140825,0.576675698799714,0.5786975299956382,0.5826592492145868,0.5854494610479225,0.5865582407424115,0.585370810404519,0.5845294037279978,0.5855575143714262,0.5895543544925465,0.5913380162950491,0.5907379667149796,0.5886813384361126,0.5862520578177578,0.5861841980887591,0.5863994997093385,0.5853096819742959,0.5843752816917615,0.5820273361188448,0.5797448063917534,0.5782106125628154,0.5772824952911842,0.5768588472579519,0.5755789118137072,0.5733686146282286,0.571065846598928,0.5689130579490784,0.5659098849440091,0.5635290880328703,0.560003919836578,0.5523620163210057,0.5446718817461603,0.543951341020471,0.5638810840761882,0.6057577984735908,0.6483396641782634,0.6502999905481222,0.6155823769091155,0.5656151130633646,0.5307437899816805,0.5280654171542488,0.5328828237066064,0.5373127525644698,0.5381780698232256,0.5384543201909469,0.5403209488282859,0.545304592534459,0.5500018556610385,0.5552611044755236,0.5587154514487497,0.5635207585642423,0.5700669691724711,0.5746790435006999,0.5815661060503956,0.5871421015881322,0.5901030298588054,0.5941530953875985,0.5957969843731534,0.5981675768217762,0.6009867888217947,0.6009513167849698,0.6004081489684797,0.5983574779340102,0.5931558236163014,0.5879831543931474,0.5829192707588681,0.5791909325738589,0.5769170890862627,0.5745985900042512,0.5737826884863276,0.57455585161797,0.5745723713667956,0.5740030997168912,0.5738201569278645,0.5724982473678366,0.5719125678154293,0.5689468468000791,0.565330626220235,0.5635893925032672,0.5625893720232038,0.5596722586527713,0.555236459918491,0.5518471747295851,0.5500163422949131,0.5503561212916627,0.5492317925611537,0.5484153526925288,0.5488206731177288,0.5516571659125983,0.552983681783721,0.5514732323221455,0.5502996828335076,0.5493777389130414,0.551073320325918,0.5539357975239768,0.555911870243032,0.5577037988444206,0.5588980593765993,0.5592686135558856,0.5581608661542846,0.5566588008199239,0.5565666227783594,0.555777494635373,0.5566694060061275,0.554862881677869,0.553431875631394
0.5699574236857663,0.5644644802007959,0.5633780360801314,0.5626409414780575,0.5626340501793962,0.5612319909214037,0.5602472977439308,0.5607570092804119,0.5622056179462882,0.5652065588988482,0.5673172286172445,0.5681778005489376,0.5656511888956806,0.5656895927529865,0.5674434345566295,0.5708545626135283,0.5720928311265925,0.569882390625299,0.5706365550932716,0.5705611466025854,0.5706099217940678,0.5716429502036003,0.573469246134489,0.5750675042714419,0.5764562924153634,0.5742997762954319,0.5720049395932624,0.5711454846152804,0.5716035004184147,0.572425584338731,0.5735340977926368,0.5754664949249527,0.5750963119763438,0.5765077020233598,0.5776124473604991,0.5754343513014795,0.5707562774747528,0.560163384048069,0.5493514792286479,0.5553177092327355,0.5797958603635024,0.6163631084311857,0.6355777610180571,0.6178866082544023,0.5893702034878678,0.5607515339982939,0.5540420187003766,0.5587171211379839,0.5607796242711901,0.5647409056166266,0.5658292931355143,0.5664963106002209,0.5656932412045648,0.5645850356572774,0.5630718453126344,0.5639067028551317,0.5665796115177573,0.5727953803909283,0.579430000057824,0.5842069488052096,0.5852864575929043,0.5864581261316092,0.5876885210952877,0.5905928227293816,0.5932499176885223,0.5943244807731604,0.5973992446507601,0.6014993108508436,0.605532798329387,0.6068443087379821,0.602870997703386,0.5969281373819635,0.5897118505820106,0.5856996082266311,0.5816283586667861,0.5810452189591789,0.582584184227646,0.5829013878833648,0.5861344861208393,0.5861626680961243,0.5844815548682966,0.5858060151265404,0.5863476680796559,0.5867923345040575,0.5851824920450724,0.5788205358236916,0.5711381445902597,0.5667220906476093,0.56074226789924,0.5569128970344983,0.5541581020517323,0.5516294032732748,0.5485776969836605,0.545722607185856,0.5446277601699159,0.544486009974712,0.543810214677639,0.5427443786615914,0.5431948516724439,0.5440025767315093,0.5453753383266647,0.5460503184767326,0.5466894109119916,0.5498979443853198,0.5492986915106446,0.548375830966517,0.5471059164903378,0.5464920409380506,0.5467628690972371,0.5456592968011158,0.5451077629228094,0.5470661917204329
0.576469699353891,0.5736250528481489,0.5720248537744441,0.5668982636345578,0.5652887026369489,0.5634332524535927,0.5624442093134472,0.5619945829098265,0.5596875582160971,0.5614766697933922,0.5632668432915554,0.5637498384323859,0.5646521402158825,0.5668166316366557,0.5700985916228517,0.5735968785726894,0.5709100407877368,0.5679751266870007,0.5669368251993809,0.5672586168835199,0.570640328659387,0.5729705792346423,0.5716419943863607,0.5719463314705598,0.5694488027403277,0.5675635848585365,0.5692926607043638,0.5698812662950307,0.574025420052997,0.5742064630804717,0.5735744757837765,0.568189551203004,0.567794657156836,0.5689056313708033,0.5689438891227006,0.568707121430169,0.5576924950612433,0.5531963940914193,0.5469414354237805,0.5520947206109504,0.5699470834946431,0.594988988813708,0.6127330392312985,0.6012057286345966,0.5743989608969877,0.5504001931272521,0.5438538767404436,0.5551260795448031,0.5642423196671932,0.5685524740843161,0.5717820307293233,0.5743589030764994,0.5797550172976007,0.5827932483327237,0.5839340939460529,0.5888843734786315,0.5944861907616964,0.5993268996405361,0.5997303986327864,0.5983699325011629,0.5997549274554663,0.6036251055317798,0.6060915690634184,0.6041182185432267,0.6009129134418053,0.5953745273632515,0.5880121082484056,0.5787803458141341,0.5734503884779729,0.5697140338246347,0.5712442170431549,0.5748439687032777,0.5774540017453681,0.5806539218167216,0.5819359700504296,0.5849833604465586,0.5874275067013899,0.5910512334934621,0.5917580323677448,0.5914228423374206,0.5898181600214799,0.588227248511412,0.5885375913072882,0.5853878226666092,0.5829340334107299,0.5760401559829675,0.5702244005136256,0.563704288647222,0.561534619976744,0.558878626573627,0.5600199751500493,0.5604751018732386,0.5620579517161641,0.5633138257322028,0.5613585492736657,0.5620252528678302,0.5588655258533184,0.5614165523177989,0.5619727136415681,0.5605530824320152,0.5634072106797472,0.5618370839294248,0.5608492062243018,0.5631650736336957,0.5644704325923887,0.5679146898397947,0.5688074995967132,0.5647115819685161,0.5627494416205225,0.563210926278377,0.560008679702927,0.5641564629682544
0.5732579411309162,0.570053766058639,0.5689305135993398,0.5668085434201932,0.5654673139633357,0.5634060652433908,0.5643191192302359,0.5663745644428029,0.5687214573600169,0.570629639377166,0.5716494287450129,0.5717687144240762,0.5720845241331121,0.5705166265603787,0.5704940234595859,0.5715933536559461,0.5720189174505499,0.5741923144008788,0.575026586748166,0.5770233119354211,0.5762162112228749,0.5728769268359988,0.5727256616391492,0.5742451259373668,0.5773268270357399,0.5762597644729035,0.5738437202928446,0.5712493641540564,0.570765966049204,0.5725690458469843,0.5722989735590358,0.5714467333150007,0.5727298232554037,0.5730400836114087,0.5749144507678348,0.5707001981653376,0.5594877825282807,0.5491282301529367,0.5461077670680786,0.5639783982456694,0.6013344628225401,0.6435789621987119,0.6566920394736692,0.6325867478164723,0.5925184077022785,0.5592142604435693,0.5531598937803707,0.557364680710735,0.5598846139295027,0.5644704337206976,0.5689142193707578,0.5711161802491038,0.5745376478242161,0.5776644154822098,0.5837861980662133,0.5905978278174102,0.5916670765392338,0.5942017351688962,0.5952675675042287,0.5955533141103608,0.5959824986379277,0.5961210997188725,0.5998088745539726,0.6021839186059907,0.6033094606102841,0.6004087078524282,0.590930889671247,0.5820519420630882,0.5721543803176663,0.5681368774114716,0.5698251146586858,0.5680672612213755,0.5682840589928804,0.5667851775529904,0.5672819572948962,0.5695098477360336,0.5733530279998356,0.576818682699497,0.5788936591685896,0.5787473492206276,0.5798148279077112,0.5793886792077009,0.5799458251383445,0.5795524170038937,0.5783546544606064,0.5785421294233132,0.5747657757857845,0.5704526304434953,0.5665071522814468,0.5617919327127279,0.561147421283252,0.5599570163734738,0.5588420472170808,0.5585167577463002,0.5569629699012968,0.5561767271136161,0.5575477838734672,0.5574576895288604,0.5567996250700205,0.5587609914811872,0.5597597835869588,0.5628548510512733,0.5659356678442948,0.5661806283750934,0.5656001196519777,0.5640112356557487,0.5644396208278474,0.5633557389953817,0.5640239086814283,0.5623323956298967,0.5620054857806969,0.5633604819775491
0.5604854025124436,0.5600292265129985,0.5597993086642378,0.5590336515551094,0.5585603159138163,0.5589340133320362,0.5609602600977319,0.563602529689916,0.5651619571063198,0.5668474081841841,0.5669867507572703,0.5676454072961499,0.568914628088564,0.5712659183429715,0.5732984151412018,0.5752650235294934,0.5762256751482419,0.5770056595208406,0.5776425919936654,0.5778424596212616,0.5776686301855553,0.5779808064599563,0.5785624844898256,0.5786442392438672,0.5792378671925504,0.5784930136872111,0.5779205434777145,0.5782762148398053,0.5778851557646635,0.5779931056075167,0.5782707722609836,0.5783909589697502,0.5788062436444869,0.5786126629838261,0.5790346169371486,0.5799784866765879,0.5791083729500305,0.5720710322239286,0.5654053336839491,0.5662586392454582,0.5857790623490534,0.6175645832475544,0.6422864926497284,0.6316380401837672,0.6053136060251519,0.5761013860663056,0.5652941292999875,0.5711884760123462,0.5735490737261254,0.5755605089228027,0.5766868118760471,0.5777426868595537,0.5772612680781833,0.5765077603604482,0.575829652432202,0.5776427314459758,0.5804559625954278,0.5838669156188236,0.5869549306975123,0.5890867904866649,0.5907492532651785,0.591546467247931,0.5930911405900094,0.5954494990644322,0.5994897562767244,0.6025996531030758,0.6024680122063194,0.6023991782241155,0.6024355371419498,0.6038997702013933,0.6073894419965516,0.609724530350821,0.6115409279403543,0.608116599425442,0.6008166199666302,0.5958243715228922,0.5912855579728292,0.5896347312812305,0.5874229920441081,0.5849699044804108,0.5843981079035249,0.5831153733351231,0.5801219892857833,0.5780908204561392,0.5744805737754005,0.5697535123914407,0.5646524383181262,0.558483194161382,0.5552803120877586,0.5521973675842067,0.5479600601595481,0.5461540327782854,0.5438188311960271,0.542804952772206,0.5420492920006792,0.5410747893679281,0.5407271943717283,0.5403802574374363,0.539363614997896,0.5400927160295439,0.5404050248732811,0.5417490501241689,0.5429617620741322,0.5425679497470386,0.5438138897466649,0.5432294734836292,0.5424982594513728,0.5424760393257024,0.5419103777325374,0.5428564729076915,0.5424449538958029,0.5419477911899659
0.5566458524179476,0.5530470120134061,0.5485870581778212,0.5460234759043598,0.5512081895783557,0.5563263999274916,0.5599219752276361,0.5620621460146125,0.5643640265483363,0.5660318722282752,0.5682773262573592,0.5684271296955075,0.5637321535457726,0.5653195954724769,0.5650474594181243,0.5675970196292933,0.57247638523517,0.5743251792298045,0.5760114994564455,0.577323860486052,0.578099325489439,0.5819007442732562,0.585020417911637,0.5862270589942964,0.5857081684823051,0.5863475314398022,0.5868879049102628,0.5895551092802954,0.5896329201159349,0.5919162793002918,0.5954985476559735,0.5995306050853195,0.6006446880193947,0.596514101756173,0.6001226441459852,0.6006157501136783,0.6046022116609624,0.6025352646674762,0.5904652120050008,0.589918158176448,0.5980577816799215,0.6252795911457002,0.6500527598470098,0.6405698813116232,0.6090427112718179,0.5731488480687161,0.5556785689106055,0.5677263643730256,0.5828861105971627,0.5935271646232239,0.6014751427263005,0.606084052422211,0.6084394866127975,0.6156401367025502,0.6127504579884365,0.6085802945086792,0.6087344934055116,0.6095623182956386,0.6233469288389683,0.6311578901842795,0.6356821372255184,0.6373941206658653,0.6340577051580149,0.634811258277911,0.636464302509236,0.6323756955165701,0.6330004305329475,0.6358022702286693,0.638394196710508,0.6420297251838951,0.6399997198731472,0.6352322529292516,0.6294654055674253,0.6256047022613339,0.617513259041867,0.6194238422231241,0.6189364257946102,0.6219846747469249,0.6214155262927857,0.6204182854596915,0.6181796931480316,0.6193113815887842,0.6185844060527507,0.6178116024846232,0.6081891193706961,0.5978206772676673,0.5872833754916632,0.5812096035687937,0.580814834888275,0.5792024267472953,0.5780053076551439,0.5740807870815656,0.5640228543493634,0.5613169136212501,0.5555222279217193,0.5637183730679775,0.56975264264069,0.5624366202605539,0.5626993314980046,0.549746699012553,0.549973630917437,0.5519365809477103,0.5477492170219082,0.5514379473678733,0.5494610388073904,0.545537159942321,0.5425689074026597,0.5372428898138429,0.5384567772387789,0.5349882772085189,0.5393867077744491,0.5419436749034632
0.5688370075382824,0.5658170622544707,0.5628698738837993,0.5602713736597427,0.5585272261353483,0.5574333489745514,0.5595328030740262,0.5598730968168908,0.5600515742713793,0.5613904787113771,0.5609096138683285,0.5624032751259755,0.563804127217403,0.5641013444255113,0.5653907905077549,0.5664785991812413,0.5665922901980571,0.5672844697025813,0.5676965431571636,0.5683294704837508,0.5701097367869813,0.5717872322688088,0.5716808955185003,0.5726983014104545,0.571601021668028,0.5717374323902423,0.5713318118506664,0.5709153363586056,0.5712919001266373,0.5709533223226582,0.570610350547571,0.5690031596737277,0.5671473739467194,0.5658925593752883,0.5657098045340276,0.5664073285882193,0.5644391423295553,0.5572726720966024,0.548112011013474,0.5480184453729294,0.5639992369389408,0.5921194538768401,0.614346703115521,0.6037399456422387,0.5773342580143949,0.5500111018686807,0.540639498833016,0.550281920849992,0.5582092145300868,0.5646741066943256,0.5687457840009426,0.5725785931710308,0.5753021160039725,0.5784447370168799,0.5828211467431655,0.5877134912689643,0.5909462008679409,0.5924712883241976,0.5942217310204924,0.5980002923541956,0.601773040112505,0.6038604645694402,0.6042480251719566,0.6050696905091186,0.6069037513631622,0.6085762875340699,0.6092531213718705,0.6056518261379767,0.5974148387606646,0.5900596866267146,0.5834860894018093,0.5804286232975426,0.5782711757245048,0.5764045277013329,0.57513358145084,0.5773926389634477,0.5801377253734535,0.5830043183875672,0.5861737864537501,0.5859673964401129,0.5854403861373664,0.5860315992918311,0.5870363961661603,0.5882029754820701,0.58789363179842,0.5844298175414732,0.5807525660036101,0.5759088991336253,0.5718123830680993,0.56807377874882,0.5660318476716241,0.5641819440039243,0.5626928671401591,0.5614026724521984,0.562138948674186,0.5638680682185427,0.5662599060256174,0.5680500081867,0.5681133644487929,0.5690492346975647,0.569258176320533,0.5712037622710756,0.572707690071522,0.5749551404037214,0.5762535201921691,0.5761985470674169,0.5772279697702929,0.5783791522333098,0.5804173761587409,0.5809629984016713,0.5802377914231879,0.5802976279115357
0.4795152874435491,0.4794591294414655,0.4794810946594692,0.479430779691997,0.4794432354458271,0.4795574621168524,0.4799450585845818,0.4805780725895018,0.4824173982229472,0.4855988133257634,0.4895655185071194,0.4928624018572866,0.4955593284518974,0.4985260436948903,0.5021557413178471,0.5066100242309369,0.5091633125275499,0.5101329969511084,0.5096087538284702,0.5070984129571438,0.5042458489855435,0.5000625292136957,0.4946267399551617,0.4903269809256902,0.4860032691288192,0.4821035327712993,0.4789074049756142,0.4752646839352964,0.472899237570521,0.4712327540465289,0.4700951846347284,0.4691314701085166,0.4690545720146635,0.4691554520860659,0.469829255778689,0.4704799733046157,0.473434801894498,0.4805594342516088,0.4918114198494743,0.507713765694308,0.5312705332818248,0.5554813242562541,0.5688259288227748,0.5619620220360452,0.536609485650308,0.5165368456002548,0.5270046730777073,0.5466807702730704,0.5564860498536182,0.5443251961928008,0.5187246325757522,0.5035415108193725,0.4947290402985708,0.4793926458613644,0.4556461515130591,0.4335658124763925,0.4169537072845449,0.4103228737831187,0.4105060463832295,0.4143697805069912,0.4219081727456124,0.4304754426340721,0.4382143713770869,0.4449429175540186,0.4499406797956157,0.4530177255682828,0.45388451144529,0.4541592403707692,0.4542738289947652,0.4552995224175365,0.4562086338135921,0.4571440066790743,0.457089896191933,0.4569811821707091,0.4567654441010699,0.4568191563327192,0.4569765687179475,0.4575557699353071,0.4584434190374488,0.4594463596244738,0.4601731138671258,0.4608440751976305,0.4614705450292481,0.4622355303447454,0.4634454749135491,0.4646436560542014,0.4665777743219693,0.46887928761812,0.4713339722655209,0.473963603828225,0.4772026784860237,0.4803973252904803,0.4841270673404413,0.4879510984206856,0.4917443368842131,0.4961487971467181,0.5000782762249998,0.5035242935194099,0.5071073913322767,0.5106804411923818,0.5144225703313982,0.5175441934043699,0.5191674573934282,0.5197115730376802,0.5186779944139155,0.5165912314426614,0.514017967772654,0.5107092519965968,0.5065828063421015,0.5015757839852287,0.4960060431837745,0.4913126450362303
0.4708603548470811,0.4698093502995649,0.4692066625150293,0.4696164798530796,0.4736008817857687,0.4749374549370186,0.4797128827248477,0.4847464053900548,0.4935159234249483,0.5013905707212081,0.5052371992385565,0.5087150550318184,0.507092126350837,0.5069389273916663,0.5043513157857695,0.5029436091022113,0.5043858731584416,0.5040494330982083,0.5016007350186714,0.4959337287474858,0.4868472819920139,0.4820897584255348,0.4769167508455621,0.4748598876935153,0.4729245984687092,0.4716963443792584,0.4693479686467264,0.467336650842644,0.4674998282766677,0.4686247584596231,0.4703185310735739,0.4736860284441123,0.4819441514310877,0.4944070759512829,0.5138968693298619,0.539572973647373,0.565126038736445,0.578545296846178,0.5732767991031944,0.5575766841333468,0.5561278574527039,0.5814282565259441,0.5955926797655142,0.5912479629854105,0.5613072836326851,0.5276182746904838,0.5078807152429163,0.4885860581503632,0.4617153096194742,0.433411752510893,0.4092197652991305,0.3947534567968996,0.3924820281460652,0.3990845912559711,0.4113172683330123,0.4255240700878886,0.4366167736158228,0.4423043669635238,0.4448603594272332,0.4443293702391088,0.4460323051938306,0.4481306985631803,0.4502848361047722,0.45135897433391,0.4513286279089466,0.4517222305710009,0.4513702029575029,0.4515463515261899,0.4510484394193716,0.451057793212164,0.4513193158086123,0.4508617806502817,0.4526231870824025,0.4551147833547418,0.4574526145696457,0.457597841847099,0.4555898092115585,0.4562337075200188,0.4605658585708149,0.4672808662415214,0.472565624028184,0.4756372285988824,0.4789647576022471,0.4828233663983153,0.4880966879735837,0.4943006406152611,0.5006804697835753,0.5082430626775936,0.5152154339109667,0.5210531214283034,0.5248101961613637,0.5265870720893292,0.526242688766073,0.5258081486812172,0.5244759014826244,0.5227694363493547,0.519474525411202,0.5151939035967464,0.5099790147146605,0.5042995361239483,0.4987048109009968,0.4919686250499523,0.484364987350794,0.478684913654015,0.473549705917977,0.4710983695190274,0.4705095219065806,0.4672308184352741,0.4649916369464487,0.4618584310699116,0.4616715867853053,0.4627516282172876
0.4785459329075754,0.4787389571935909,0.4787127501737447,0.4789439534300597,0.4791068274081804,0.4792639114261527,0.4797371925670049,0.4801905773417058,0.4821869934915416,0.4856785557400778,0.4899077831072863,0.4933169206745454,0.4957756386823598,0.4987480570000268,0.5023613294655185,0.5068442228028214,0.5093607414804275,0.5100042094737609,0.5090879049774522,0.5065564974729375,0.503680140794092,0.4995595946924769,0.4940351325965347,0.489637988055964,0.4853097291322794,0.4814762912000498,0.4780836228012481,0.4739900553420559,0.4715108618718248,0.4697716724498935,0.468915666846681,0.4684284917463119,0.4687798066541941,0.4692918824663491,0.4699817064434671,0.4705330149892371,0.4736264889358509,0.4811493401005092,0.4924782641840226,0.5087062115740336,0.5327054659667859,0.5566514010465621,0.5687942674639929,0.5602960383840783,0.5340388193872524,0.5172048960667278,0.530774896521433,0.5508382729312618,0.5590774048038025,0.5438644206477701,0.5169553343453623,0.5023706524196676,0.4936658993619184,0.478172508774793,0.4547212863783224,0.4322779268982734,0.4161904829917834,0.4102558169704554,0.410515619427988,0.4145914354224262,0.4215321025231222,0.4304760740379866,0.4384469836993916,0.4456848189007403,0.4506499137975963,0.4537129032945007,0.4547725630958389,0.4556558365958726,0.4562230506403719,0.4568990351390283,0.4574013008233153,0.4576364723271756,0.457877591831175,0.4579791520018843,0.458141431629099,0.4585761565775912,0.4589018148591546,0.4593256166935972,0.4594560231041183,0.4599534208967083,0.460755996501159,0.4617915637893097,0.4629535342664346,0.4641367481319494,0.4653878146223201,0.4669145543714171,0.4685297793380428,0.4704362083044286,0.4726605082779569,0.4753267743444255,0.4785191058580309,0.4822030606221613,0.48613073794779,0.490195631899971,0.4941635417751449,0.4984994732627307,0.5025461444620828,0.5065577726865281,0.5103584294070749,0.513849436133237,0.5167533957565577,0.5190980227680237,0.5204073345897468,0.5209391247582532,0.5202030579773249,0.5183344305450777,0.5155990674332526,0.5119197912221504,0.5076724276858476,0.5031220763132266,0.4985551170812166,0.4940211854004426
0.4785459329075754,0.4787389571935909,0.4787127501737447,0.4789439534300597,0.4791068274081804,0.4792639114261527,0.4797371925670049,0.4801905773417058,0.4821869934915416,0.4856785557400778,0.4899077831072863,0.4933169206745454,0.4957756386823598,0.4987480570000268,0.5023613294655185,0.5068442228028214,0.5093607414804275,0.5100042094737609,0.5090879049774522,0.5065564974729375,0.503680140794092,0.4995595946924769,0.4940351325965347,0.489637988055964,0.4853097291322794,0.4814762912000498,0.4780836228012481,0.4739900553420559,0.4715108618718248,0.4697716724498935,0.468915666846681,0.4684284917463119,0.4687798066541941,0.4692918824663491,0.4699817064434671,0.4705330149892371,0.4736264889358509,0.4811493401005092,0.4924782641840226,0.5087062115740336,0.5327054659667859,0.5566514010465621,0.5687942674639929,0.5602960383840783,0.5340388193872524,0.5172048960667278,0.530774896521433,0.5508382729312618,0.5590774048038025,0.5438644206477701,0.5169553343453623,0.5023706524196676,0.4936658993619184,0.478172508774793,0.4547212863783224,0.4322779268982734,0.4161904829917834,0.4102558169704554,0.410515619427988,0.4145914354224262,0.4215321025231222,0.4304760740379866,0.4384469836993916,0.4456848189007403,0.4506499137975963,0.4537129032945007,0.4547725630958389,0.4556558365958726,0.4562230506403719,0.4568990351390283,0.4574013008233153,0.4576364723271756,0.457877591831175,0.4579791520018843,0.458141431629099,0.4585761565775912,0.4589018148591546,0.4593256166935972,0.4594560231041183,0.4599534208967083,0.460755996501159,0.4617915637893097,0.4629535342664346,0.4641367481319494,0.4653878146223201,0.4669145543714171,0.4685297793380428,0.4704362083044286,0.4726605082779569,0.4753267743444255,0.4785191058580309,0.4822030606221613,0.48613073794779,0.490195631899971,0.4941635417751449,0.4984994732627307,0.5025461444620828,0.5065577726865281,0.5103584294070749,0.513849436133237,0.5167533957565577,0.5190980227680237,0.5204073345897468,0.5209391247582532,0.5202030579773249,0.5183344305450777,0.5155990674332526,0.5119197912221504,0.5076724276858476,0.5031220763132266,0.4985551170812166,0.4940211854004426
0.4787421088066775,0.4786999094977822,0.4784420353946958,0.4785674685049632,0.4790848245193368,0.4793436171401024,0.4800247103204679,0.480112230995052,0.4801071900788066,0.4816293810222995,0.4849538688635481,0.4896769165471192,0.4934320683050311,0.4961937977115109,0.4990950140429007,0.5026061884712014,0.5071918982134058,0.5098292305315427,0.5109027328582042,0.5102201310834387,0.5082827288864609,0.505701107361866,0.5021805925557004,0.4961028846749512,0.4911448678610426,0.485475529343579,0.4812933448917961,0.4777907141359392,0.4742128367013755,0.4717163813419499,0.4695780529467199,0.467780280980322,0.4669352371718887,0.4670082114103845,0.4678791313816576,0.4684376498267524,0.4709760124360964,0.4776935314942918,0.4890223634643419,0.5032741672246897,0.5233457333443272,0.5450176938035975,0.5590904978919045,0.5533529629350146,0.5269804023255232,0.4968026313523854,0.4937582670559388,0.5114488793383649,0.5295893716959522,0.5374974454984909,0.5262320747663454,0.5167806710980442,0.5076341948224296,0.4913271827946873,0.4637934796626467,0.4353545182162584,0.4109422989304085,0.3972777547475488,0.3938287494989269,0.3969460564913479,0.4055144614326064,0.4190743099508697,0.4302655214570512,0.4395656642152156,0.4451216036040468,0.4488808555257378,0.451740882962079,0.4538474466903806,0.4553151839694687,0.4564297998982458,0.4571400337878183,0.4579294531830529,0.4583875395927874,0.4582390149206221,0.4579863809404168,0.4585739821962282,0.4593256691031304,0.4607648991009188,0.4620801445174183,0.4627052784878705,0.4640744292985568,0.4655451559605774,0.4676225336525286,0.4697064042461777,0.471150992875606,0.4735014472711567,0.4754350821712408,0.4783211593151351,0.4812412191582563,0.4845711285324647,0.489344973243535,0.4941464506203189,0.4991908264051209,0.5041865523189955,0.5089686345859091,0.5143980393971426,0.5192560643810799,0.5238649500205449,0.527608763851841,0.5310406561432391,0.5328682824827544,0.5337325316840958,0.5333760942728171,0.5322985927026775,0.5294338818335549,0.5239984510285475,0.5164296524667826,0.5083186086965289,0.5010315171191925,0.4945512867315075,0.4888054653850733,0.4841084429833182
0.4799789525948459,0.4804385072086224,0.4806124085754987,0.4806926134202708,0.4807429908302641,0.4804557439134874,0.4804648122593455,0.4807479409921187,0.4822192838187388,0.4857760852748129,0.4895565316334346,0.4932528745431958,0.4961904604869225,0.4994650346806584,0.5036485199052885,0.5080745912364071,0.5106762114944104,0.5113742936165289,0.5110061850142334,0.5089139362595548,0.5070202686712052,0.5035588489700334,0.4988790372906141,0.4941838215075956,0.4889132908650734,0.4836016868978378,0.4794084111796871,0.4755308599398342,0.4733496941214552,0.4711414665635407,0.4699048050381327,0.468797128476915,0.4690442331251008,0.4695192156035571,0.4701595387516484,0.4707814930022067,0.4744678088526879,0.483126727252734,0.4955465748133134,0.5116727045810785,0.533707031377552,0.5538460647720755,0.5624474290025012,0.5501202571380429,0.5197469815489106,0.4956077919654603,0.5024253721545655,0.5181462252463024,0.5307634153578644,0.5240338309553175,0.5067304409090081,0.4974510164147666,0.4887887402664548,0.4698720469213505,0.4430368966609739,0.4184740459676522,0.4016125670063796,0.3966677627103463,0.3984383717065767,0.4052250715955317,0.4158527463467018,0.4274969150820868,0.4376879699324975,0.4459026435206315,0.4515279111254673,0.4545819282856915,0.4560202896595998,0.4574339905678304,0.4586089708828542,0.4597200043134898,0.460272469564156,0.4605282732245472,0.4606651379549016,0.4608609464329889,0.460635980918243,0.4611466655808925,0.4614308971676145,0.4622836355599585,0.4629754503756818,0.4637873520796509,0.4649646528478547,0.4662180986709421,0.4677324125138916,0.4695402589224603,0.4714735365575551,0.4741085142550439,0.47690474863974,0.4805128448039422,0.4843090856236198,0.4887747381999746,0.4930146880931076,0.4980947912796901,0.5034413621273877,0.508388597323721,0.5136963213542909,0.5180564163940296,0.5227294302002629,0.5268645073556243,0.5302471401575093,0.5328005512328626,0.5345658068466174,0.5345952998394388,0.532520712071481,0.528621026875366,0.5238716875709594,0.5184971756336274,0.5127825913371004,0.5062544250937162,0.4991394017385874,0.4922725255380893,0.4858047929262047,0.480204620315425
0.4825976841737865,0.482739504270297,0.4839255080003055,0.4869508185176455,0.490895846024203,0.4950732790621964,0.4984396875629514,0.5023172930753205,0.5058167614626179,0.5100309740175666,0.512580948785947,0.5133725790866749,0.5128495690861681,0.5106255381033644,0.5081620015331597,0.5042499483762161,0.4989262390471051,0.4939558828153131,0.4890924421163732,0.4848282150402395,0.4812352286019134,0.477584122455455,0.4749301002621933,0.473296192323862,0.4720363917113832,0.4716308248896456,0.4715409275017203,0.4719475971987424,0.4722122729301137,0.4728022185381853,0.4769539421147095,0.4858241166584314,0.498676240079892,0.5170936940071915,0.5404871067370173,0.558307060278772,0.5597426329183907,0.5383552514155905,0.5073050834062106,0.5000837149887639,0.5225683462862577,0.5500132408299384,0.5654091904437968,0.5564594135247333,0.5405012392806273,0.528774477715786,0.5126522514675375,0.4852508377737117,0.454149122395627,0.4270985897166551,0.4105593483823664,0.4061831574080972,0.4079437043615837,0.4140269396855665,0.42359704005304,0.433267017332733,0.4418050888886229,0.4488918772604107,0.4537340468776264,0.4562592797427108,0.4577199366172284,0.4583560063276209,0.4588291288114383,0.4592740722618301,0.459645894317186,0.4604568064897323,0.4608596274246059,0.4610417559494634,0.4608613962204011,0.4610232783991148,0.4613928340964366,0.4618905489661944,0.4621875601040762,0.4630232319023874,0.4638575998283346,0.4654287006922901,0.467314126323177,0.4687255992885875,0.470373948633837,0.4719359754991998,0.4737651990807046,0.4766430131811263,0.4795664245191898,0.4829724311117334,0.4866965302027417,0.4907162991128592,0.4953810659652193,0.5000238195526153,0.5047301607205158,0.5090856990257976,0.5132936155692622,0.5176448642748165,0.5213973762996363,0.5247203719838383,0.526883167861884,0.5275799961218679,0.5269651153363837,0.5247677573153878,0.5212347388882982,0.5164901666785631,0.5107830387313047,0.5044917801143153,0.4984599526026657,0.4929340000583617,0.4874960355027972,0.4829667884697536,0.4786213544451816,0.4753480930672258,0.4728737210811133,0.4710216510397494,0.4697076750752114,0.468813130714301
0.4543937585427323,0.4507112358086831,0.448674687123112,0.4536202262416541,0.4631921304146792,0.4656732480051806,0.4588827930099847,0.4605268464926649,0.4621632019260642,0.4700140556095575,0.4768373912251891,0.4768480442500397,0.4764997116290873,0.479416319854791,0.4790922433298933,0.4848896110117499,0.4873987694693332,0.4949105663696539,0.4997249341512949,0.4987196589877324,0.4917628804708649,0.4864152887223031,0.4793020270598247,0.4774667163246994,0.4751996580410184,0.4684217587957635,0.4655298145260428,0.4602824606615873,0.4594074563661763,0.463649976389507,0.4651274193090885,0.470041984027615,0.4608762488765813,0.451407003139444,0.4425002996154857,0.44065266492332,0.4548166280163929,0.4658144018754018,0.4794445789469159,0.494677903127288,0.516899806730452,0.5444787747030002,0.5676503365349901,0.5666318234406293,0.5520006096186351,0.5356655738902466,0.5456051861610343,0.5622413688070862,0.5620606841913915,0.5415674093716547,0.5057269288071068,0.4874270658992214,0.4756922859914464,0.4587280366219151,0.4354414330520419,0.4134192837190236,0.3978237275795112,0.3949305335877969,0.3918286747657821,0.3985349902478983,0.4067559417471074,0.4167345860651864,0.4262516549192421,0.4319805340312181,0.4405367749406976,0.446881812537133,0.4492634472668471,0.4496160609858574,0.4507785798772012,0.4512574923870255,0.4536033694343954,0.4510003884607603,0.4516824040582261,0.4515246105933229,0.4514001247251509,0.4532539256306906,0.4528581295726401,0.4564755139565948,0.4590951739246647,0.4621900065142961,0.4648736853638879,0.46682374455836,0.4662071565782911,0.4681061631978707,0.4706407494093021,0.4783233847807475,0.4847746537060265,0.489442055669634,0.4883618316137629,0.491306903699336,0.4968786160996461,0.5039807620431658,0.513266115807038,0.5186860294838294,0.5267292831088487,0.5334027661778793,0.539561787419798,0.5415909262528914,0.543654326489693,0.5419320439841427,0.5410701704006077,0.5389266987205265,0.5345607508115077,0.5277355762117096,0.5184776653823242,0.5111531485051617,0.5041474734698177,0.4992516414502832,0.4920188900367613,0.4855969392646072,0.4786887562898093,0.4746360398508096
0.4785315582534013,0.4787150970675875,0.4789734731819849,0.4787103405577388,0.4784910170578779,0.4780368465603474,0.477763641982541,0.478046979863116,0.478783756181721,0.481079794170842,0.4845970434076696,0.4883205180838985,0.4914456262661803,0.4946788488188233,0.4986898802798237,0.5028138200660963,0.5067512870343811,0.5080685977857451,0.5089189528155385,0.5076807158631713,0.505618605872007,0.5023694366831511,0.4974381535161518,0.4919374492820555,0.4871541341400778,0.4821805214476067,0.478540812283089,0.4750236231727902,0.471930003519366,0.4704286831732162,0.4698002270083965,0.4692679418884789,0.4690796718078781,0.4687806699453679,0.4690797652952364,0.4688375522766209,0.4697638660293884,0.474453507489264,0.484038666723547,0.4983089458281359,0.5185805521972089,0.5430146390070779,0.5593636481549685,0.5578181382577448,0.5325442036354887,0.5039518935047227,0.5032698357646064,0.5251182677086765,0.5461434252751151,0.5509638618540701,0.535249921614723,0.5202948285405287,0.5111173548012113,0.4953758329045261,0.4693494932229358,0.4413601629291067,0.4176228909015579,0.4052617531440476,0.4033597672769671,0.406168436423314,0.4136565515311705,0.4234055415016951,0.4331184892916742,0.4414190986039704,0.4481538184049173,0.4528188373148546,0.4554907116189295,0.456827922528345,0.4575112190402631,0.458127171185505,0.4587890659345676,0.4595662537792746,0.4599190926538608,0.4603056921343029,0.4604969420117273,0.4608738034906706,0.4616138380942575,0.4630314002144392,0.4641036220527897,0.4650064331845181,0.4650340757389133,0.4650202874301124,0.465385973920201,0.4665533375481464,0.468095912537741,0.4698380818076599,0.4714663094508471,0.4733182331125689,0.4753177350580136,0.4781099100360313,0.4810021790593652,0.4838409864165083,0.4874548340846859,0.4909038900631896,0.4951813922823597,0.4996287307522235,0.5041013501921063,0.5086465569623957,0.5123364990300551,0.5161938129155211,0.5194495533417115,0.5225354982348346,0.5246003818625572,0.52507047029425,0.5245277741166863,0.5230016140966204,0.5202067781059384,0.516351814728221,0.5112936884754796,0.505542746625188,0.5000255309103245,0.494548498413153
0.4805565169180583,0.4807549800010089,0.4808937988531666,0.4807831310261983,0.4805098087125931,0.4804822169820182,0.48054269811404,0.4810065224407981,0.4825412087695567,0.485798469350991,0.489933313993412,0.4940247682698944,0.4968662570710203,0.4999232645330001,0.5030892555888953,0.506980257792541,0.5095754749362709,0.5103483868806418,0.5098779745330925,0.5076764432830324,0.5052025709864805,0.5018733885300222,0.4967079405985896,0.4921547442759246,0.4872357190487402,0.4829555460491405,0.4794463585705263,0.4755413071685072,0.4726988188105815,0.4708055668439914,0.4698423643662274,0.46914424641717,0.4689900211136285,0.4689790625334036,0.4692396133422015,0.4698537930354831,0.4730798937951617,0.4807366750765229,0.492780782621371,0.5096484166422822,0.5342035926887935,0.556378074220448,0.564947101665173,0.5508355260747928,0.5197785670709837,0.5036373485627496,0.5181719828156208,0.5390941560604781,0.5498415070081357,0.5375067082891885,0.5165982555811772,0.5053299718324653,0.4945412423893677,0.4728890587464947,0.444697190629096,0.4195816751117081,0.4037105189846124,0.399872085962087,0.402591571664619,0.4085319821723923,0.4181535369252107,0.4285366353964457,0.4376122200483943,0.4457433448359451,0.4513571762920573,0.4551035320530295,0.4570958434534753,0.4584328388642136,0.4594773225172895,0.4602018021674925,0.4608344100987905,0.4612984390036212,0.4617012990902542,0.46222336983044,0.4625398698270547,0.4632411284510494,0.4637837383862175,0.4645481511838092,0.4654654276053505,0.4664642104821243,0.4671482984190906,0.4683013816160771,0.4690516544466671,0.4706146378412146,0.4722448352664546,0.4741160963939109,0.4763163877682568,0.4789519569207447,0.4816190634706331,0.4848216055424359,0.4882809319530202,0.49210778695615,0.4967000210856893,0.5011524433597185,0.5057264875354165,0.5101746801486373,0.5142498704734102,0.5183971809981885,0.5224757496496326,0.5264017776505213,0.5295343400862329,0.5317457726625571,0.532449928837882,0.5323693293132417,0.5310873568075397,0.5282452965509349,0.524372285397115,0.5190259891123293,0.513404968416915,0.5076803294081309,0.5017497051758026,0.4963042669735349
0.4764643975821781,0.4764482930481197,0.4764240776633227,0.4768379017530746,0.4771307399460461,0.4772115397896069,0.4769286216286377,0.4772559328680869,0.4791785120907026,0.4831014661483123,0.4870433078211231,0.4905352750723984,0.4930912474248242,0.4956688051056287,0.4975367589048965,0.4992888746143065,0.4997320948212282,0.5001804495211348,0.5006359926165215,0.5006274198814767,0.5001147142413594,0.4980520473575914,0.4940578964214417,0.4887917400644727,0.4832841321704904,0.4780445670704491,0.4740200990992624,0.4708746037553783,0.4677558435249117,0.4660362989167781,0.4645711168886673,0.4645414851908714,0.4649872929306498,0.4656102935228501,0.4657635781172014,0.4679451837642513,0.474562544560036,0.4872742099555635,0.5034106471723638,0.5274798331718379,0.5561539879495663,0.5799088459386891,0.5872394540426431,0.5742050727769978,0.5543201313177752,0.5588273849535863,0.5743913734639653,0.5773265847347275,0.5616741024769341,0.5276068378708892,0.501526645677397,0.4850603226962892,0.4652875406372961,0.439810748388834,0.419679136651413,0.4043567201316622,0.3977448203329792,0.3970759409776933,0.3999394262573469,0.4068101278151132,0.4164887782408217,0.425077465529281,0.4329019208767047,0.438787628316193,0.4426205960226513,0.4449226406749338,0.4461946702837844,0.4470493591661579,0.4480085262550848,0.4485807058865472,0.4491317578040901,0.4496325367061606,0.4498012642229175,0.4500468506251094,0.4504668544229138,0.4506781769256807,0.4512563319104248,0.451960491158048,0.4530595794214349,0.4544054072362909,0.4557963835672886,0.4571985806051396,0.4587461257671796,0.4601996845473045,0.4622993801529909,0.4645754069049292,0.4677611394282508,0.4708918573465625,0.4748015843649128,0.4783819347204511,0.4828452685051208,0.487718450387706,0.4929205373041931,0.4987355750886394,0.5046181199097369,0.5107189402613888,0.5169138567485012,0.5222953724431448,0.5270392198466167,0.5305931938288917,0.5326878204827188,0.5335517213912119,0.5329939981823055,0.5312043269230035,0.5280770381518581,0.5230127953017124,0.5165897010966692,0.509745903300764,0.5027580201117073,0.4960066816147227,0.4896656529095504,0.4833955884002872
0.4801680459074793,0.4802744247301177,0.4801438709047478,0.4807395295564226,0.4812792287159609,0.4814428338563886,0.4814939566698519,0.4815711599231065,0.4829078471123079,0.4860292350468608,0.4897416067782278,0.493174053021534,0.4957077386403563,0.4981471069777867,0.4999389237880431,0.5024324621890943,0.5038686581224133,0.5047628575273924,0.5059422739755529,0.5058576557663358,0.5053116953883419,0.5037747556339496,0.5005278912919154,0.4960736268947086,0.4909938882694012,0.4854559359752399,0.4815746000475762,0.4784047453971561,0.4756840074308978,0.4737227073785863,0.4720010153491841,0.4713048892530418,0.4708650027595017,0.470856078276892,0.4707879741315828,0.4718339155274229,0.4767567057218461,0.4875898935036464,0.5028068458424099,0.5249366204564186,0.5540938720736706,0.5806701803467291,0.5936228081249536,0.5852481500829957,0.5626685075601647,0.5582882362025635,0.5724259190313432,0.5791159138700764,0.5686651782306308,0.5330274668832616,0.499028696000531,0.479480195631716,0.4656858909309874,0.4476806354668582,0.4311164511747969,0.4158412083294124,0.4070208449746603,0.4050819362736792,0.4069618164725967,0.4122409643985937,0.4209136165171541,0.4296080497763834,0.4371555525300795,0.4435152463709532,0.447616305766073,0.4497197067177081,0.4509443447166421,0.4511894570784887,0.4515602467158,0.4517075611884336,0.4519061702404992,0.4521805598180146,0.4525065334799617,0.4529027787915351,0.4534591964852769,0.4539894700461973,0.4541327633848632,0.4543937756063718,0.4547055203263641,0.4553629424797309,0.4562376766734073,0.4573750255501175,0.458922504414506,0.4607035134689218,0.4632216137929952,0.4657201453287733,0.4687801462041653,0.4719241452681283,0.4751539584373526,0.478706352848525,0.4831445255601259,0.4879323572919105,0.4933276037631732,0.4986108903079827,0.5037429855850857,0.5090752660619493,0.5145928634020743,0.5198850065907913,0.5247183384471148,0.5286400782997309,0.5312660334697363,0.5330934691070528,0.5336994348822236,0.5328711620772937,0.5306526348635268,0.5267496224260992,0.5219135079629433,0.5164207454500824,0.5099382914533315,0.5032015430439694,0.4967206341650418,0.4902744463861925
0.4655778787201866,0.4684888500790438,0.4704492436067676,0.4692568174842981,0.4689769523636538,0.4704896798321409,0.4721255108764159,0.4749681633887928,0.478022935447899,0.4815749967287478,0.4853172721890407,0.4878219460919464,0.4890058243960088,0.4905797042066879,0.4934513846776793,0.495764212605143,0.4980529960165808,0.4983636902615843,0.4962911084340879,0.49369432454821,0.4918839520749807,0.4924451025155606,0.4927644186356244,0.4923913120578438,0.4868196723050473,0.4806102591461025,0.4747809187850075,0.4706785797279435,0.4691939862152735,0.4678994890210359,0.4655209307608246,0.4637481340494939,0.4620387531878037,0.4620233144864963,0.4625215362075902,0.4673734762735342,0.4791434301489177,0.4973762989982033,0.5213967351068157,0.5520534965936322,0.5818136608622784,0.6020057401801943,0.6044786095467195,0.5928947663976417,0.5922444534714055,0.6043424375552359,0.6003810659346409,0.5720956505652983,0.5252740430974762,0.4861990048733683,0.4700416868444239,0.4611971131527662,0.4423263633485282,0.4226638095818589,0.4034379333334758,0.3936325632214129,0.3941598811504571,0.4009394171088953,0.4119110720491329,0.422124658008271,0.4293943132547956,0.4367161723165861,0.4421096556890608,0.4457831392940194,0.4483743247500227,0.4460529786174056,0.4449491709861816,0.4438982462995561,0.4447556586684756,0.4472478316940793,0.4540021390757954,0.4577003722812676,0.4604913022492222,0.4660837853818399,0.4694742639141311,0.4702500308487364,0.4639309270515164,0.4554798897450984,0.4585992128911262,0.4650435534522171,0.4691654978844758,0.4658393365088312,0.4594693100028158,0.4594757560877847,0.464153612224979,0.4707644301905286,0.4755674471001322,0.4766377499509928,0.4753968937485076,0.4810908228930219,0.4953587667031543,0.5124733500143479,0.5255910279280896,0.5243294103094138,0.5186100131572959,0.514544959337598,0.5179804330178396,0.5231894845590839,0.5302795739629301,0.5316080251045481,0.5274360994500327,0.512455948464206,0.494428678896641,0.4815959370886881,0.482751734663006,0.4950206450174713,0.4922381595209658,0.4917153575278743,0.4929452731078644,0.4936547060121208,0.4818050512530737,0.4774208033784915
0.4765077067062264,0.4761294354484611,0.4757635119113921,0.4758731565468955,0.476284761972553,0.4769652822502085,0.4770724168342382,0.4773006905896925,0.4773883591091816,0.4789567397219829,0.4825659040337467,0.4865266953836135,0.4908524405189314,0.4946734877402103,0.4975731979053993,0.4996875548122083,0.5009874568811488,0.5013001645865354,0.5018426790987055,0.5019376454844909,0.5013311611126009,0.4999433451447745,0.4977280422702512,0.4938318425283024,0.4899931740986504,0.4848254904807463,0.4801124804165921,0.475279849034474,0.4707700894864638,0.4679884839316097,0.4665668909480124,0.4663654980178333,0.4669251419684491,0.4668681368713895,0.4669495551166732,0.4671866144919033,0.4704830250049763,0.4791824838940424,0.4925381407328961,0.5103204600284879,0.5369580680961544,0.5655698585246598,0.5847400538430335,0.5840751168191377,0.565951351164705,0.5533832171786598,0.5681296876038164,0.5808863738090438,0.5794925993419382,0.557558182534702,0.5302687207609146,0.5166149969352409,0.503290476519987,0.4768204205087837,0.4435627932255709,0.4171687347068295,0.3998886399044434,0.394751807588355,0.3946544507730429,0.399550844509399,0.4084195051973285,0.4185639912611678,0.4267995038728228,0.4340684200811082,0.4390742130314833,0.443018142542405,0.4455004345190241,0.448136160456949,0.4494343244790226,0.4494698772241091,0.4490276000566726,0.4489756706554199,0.4499503702859228,0.4517194158494985,0.4528708314826987,0.4540378292629092,0.4545042901650163,0.4554957701814267,0.4566550942114581,0.4581655797549683,0.4594449121371861,0.4602381145980992,0.4613975196582924,0.4629326744301877,0.4654179819661311,0.4681658462445344,0.4711546734117651,0.4743340612105675,0.4780239816950581,0.4824315302547491,0.4878807643929683,0.4943015465685892,0.5012249511426367,0.508002745497599,0.5147815218842808,0.5206065928938864,0.526071840305266,0.5306822035617307,0.5340217413304462,0.536729776338801,0.537311516448922,0.5365351866535945,0.533501972430174,0.5296577550362889,0.5242225821013079,0.517091267125926,0.5094159673399898,0.5009396270032908,0.4932067169665921,0.4863015413019542,0.4802979837912928,0.4755173204798448
0.5153201512831488,0.5150002597251722,0.5154068240712644,0.5190808142800496,0.5280677869956142,0.5380785918308721,0.5452937155535786,0.5504240305734247,0.5553474294203711,0.5621135058673183,0.5640621481957315,0.5639027304798395,0.5626199604954075,0.5571955403145428,0.5510860555062312,0.5425930966557432,0.5371561269441655,0.5345594694116244,0.5313979879115132,0.5281485641674193,0.5232092313547021,0.5205293152871857,0.5191731294447288,0.5209268081883524,0.5225045620778257,0.522628326107189,0.5241343301478482,0.524986284500963,0.5266888239598454,0.5279566199523411,0.5298759274081101,0.5301978440070958,0.5302329224200875,0.5308251649237087,0.5299818093835409,0.5225264447621499,0.5131609438432775,0.5114118271922459,0.5294650924334263,0.5735430677306469,0.6257563670849414,0.6594882504787776,0.6617815184989579,0.6407266281297573,0.6167670993394337,0.6068236133488062,0.603924187456756,0.6073625661349048,0.60917541135052,0.6034598733302275,0.5918749691158581,0.578947532393379,0.5729896149759265,0.5713241271140798,0.5716859346628844,0.5703451888088378,0.569889652943283,0.5685148904937657,0.5698365608681811,0.572865650396075,0.5755121497852599,0.5775236117870662,0.579590354696137,0.580150750462338,0.5810580192898486,0.580924311570959,0.5809802891971293,0.5821045274025668,0.5827136566938921,0.5866479379910524,0.590571461751821,0.5926424877866755,0.5939891690756437,0.5958897556120513,0.5988487261621538,0.6018051327538204,0.60457457167397,0.6066895343417,0.6083842264956255,0.6097273049259812,0.6109826962464847,0.6121924491675881,0.612077889122203,0.611600511951841,0.6101709969699608,0.6090334434795875,0.6060176628082606,0.6023807628172062,0.598734443618418,0.5934577423476148,0.5862447544225134,0.578091647425723,0.5676190808482178,0.5569236608543237,0.5473860742499133,0.5376605031891868,0.5288888629522978,0.520740195624781,0.515579958454609,0.5125321001527304,0.5098347947265416,0.5075437982558269,0.5055963080201411,0.5028126600254417,0.4999313972692588,0.4992597886641977,0.5000512838927964,0.502007270680275,0.5036447488611151,0.5038701322137493,0.5037906204569592,0.5015838398519282
0.5155725328829944,0.5187663340554775,0.5210234335940056,0.524164923008205,0.5290844792642648,0.5327054999453322,0.5385916913218839,0.5459750185278922,0.5555779758067162,0.5641257520497595,0.5724853185723487,0.5746828746367315,0.5751905340198079,0.5697240995409819,0.5645632717322451,0.5585213907244415,0.5512366851741924,0.5473599883916828,0.5447007560387016,0.5420027191635393,0.5373718297946084,0.5348285213846655,0.532388901771686,0.5338112430322556,0.5342671720442171,0.5366297952758564,0.5389649384523338,0.5374753993280305,0.5362202421226031,0.535259839556621,0.5351886199976286,0.5357168665739234,0.5347968856635824,0.5354384487506725,0.5335155797560545,0.5283841901602715,0.5236626959898603,0.5242308408371885,0.5425965502349588,0.5872238051030945,0.6439618025215067,0.6809946682527561,0.6893103375799543,0.6666490330841137,0.6378991365471295,0.6173909911210824,0.6090636128452694,0.6121794900506768,0.6134975933545516,0.6085546794912133,0.5948915820327,0.5820085214415371,0.5740385206335095,0.5719312886128785,0.5729836276990552,0.5745809860038257,0.5746612730650744,0.5749325663020776,0.5756410743854223,0.5749949170179538,0.5750058089582166,0.5752167401882342,0.5766331876450791,0.5768040374693824,0.577360179565125,0.5790870731256345,0.5818964299315251,0.5839493824108952,0.5878545154472139,0.5889620030598426,0.5903139193167551,0.5907539421751584,0.5911614418816156,0.5921517076714571,0.5927561471790482,0.5949011062741139,0.5980341186605733,0.6014644665793697,0.60453710432513,0.6064463136032233,0.6079651013523606,0.6068106772511964,0.606962880528555,0.6077180858982559,0.6083392787054874,0.6065205925864263,0.6029559586476474,0.6005668849863792,0.5956221105748669,0.5927345433613911,0.5879504536047473,0.5817627455898041,0.5735765255207919,0.5641568138406157,0.5534194981916477,0.5424924934957807,0.5323514474549498,0.5258762120638139,0.5208698238781393,0.5159841360633481,0.5117530874871412,0.5088937404407428,0.5076396970135111,0.5064711297718342,0.5063438126445808,0.5067039986631581,0.5054476032045392,0.5049071799692871,0.5039960104309499,0.5031580740655123,0.5013361606842531,0.5008560484473832
0.5448217589613559,0.5390447704093793,0.5351968240263416,0.5318995677715607,0.5284326657581021,0.5266922728847812,0.5260915975342346,0.5283388488093471,0.5265144707997121,0.5258409810949757,0.52247924361531,0.5208985753477987,0.5205534665176645,0.5219378258257317,0.5228482095427364,0.5203813982374286,0.519627535199531,0.517678727319943,0.5194708418663443,0.520685558747286,0.5201423463688344,0.521439786463049,0.5187214683284532,0.5176403954299234,0.5119831136902459,0.4969553343393977,0.4740473875752191,0.4430851337782036,0.4114119910910957,0.382649152194019,0.3660277195489245,0.371608389030192,0.4059334362706926,0.4662800387387665,0.5352182772365334,0.5925929203778098,0.6256193311496385,0.6411865089712226,0.652961386509008,0.6678457279224114,0.688967733577803,0.7109648524179688,0.7272198027159414,0.7258499255179095,0.7028178373193942,0.6685366835771905,0.6374050891788365,0.6094689010810809,0.5910771852781413,0.5762342524971206,0.5663290278726972,0.5607976116852573,0.5578030129352963,0.5569579098678927,0.5550871822146296,0.5526782670144075,0.5504294011656252,0.5494683842277146,0.5473393031785875,0.5469196474624913,0.5472089653529391,0.5472155273893732,0.5482732319688022,0.5467097586425272,0.5473956688679052,0.5474263648629577,0.5484679377876482,0.5490940252235627,0.5473431887423276,0.5436385247001391,0.5422597952811006,0.5397128069035122,0.5383042038156987,0.5338798837078277,0.5304046639792341,0.5286216457345077,0.5260954751721478,0.5250252194711631,0.5212717483415374,0.5178282069812625,0.5124321413262197,0.5113665591328663,0.5110390107778523,0.5122297052149334,0.5122696568199102,0.5128944691832833,0.5125456384688937,0.5121473230256872,0.5125198127399028,0.5150875324291619,0.5151302272207474,0.5139538565295054,0.5135162510400333,0.5145291564398201,0.5170598321515224,0.5196246864077627,0.5208753575125962,0.519690843314451,0.5181492221387192,0.5161765630312282,0.5171560936418921,0.5154309250052911,0.5161167626018017,0.5172272741602749,0.5192003703031741,0.5194286232693565,0.5183267797066876,0.517477237560113,0.517720805152417,0.5168431539189101,0.5176972011508356,0.5163828669382603
0.5516800836725717,0.5556696269134276,0.5601976243808136,0.5633015745259599,0.5675259372018522,0.5695341180122648,0.5733299570729626,0.5738766637926018,0.5694838047397734,0.562009216975906,0.5501198188968585,0.5441802316297508,0.5405213360841965,0.5376225146617494,0.532787695979096,0.5299838935245155,0.526528830556041,0.5232718238108195,0.5204908473278045,0.5193136127077976,0.5208882925072834,0.5202785991758814,0.5221322622879587,0.5218526187981442,0.5219844275960129,0.5214099293243827,0.5225006433119597,0.5196684994994766,0.5095989274050783,0.4993035271263122,0.4937052521502141,0.5085868097166619,0.5424537514543011,0.5824778096202026,0.600848620985872,0.5930484710427659,0.5758135523825985,0.5627472642995618,0.5692399113889917,0.5805060670931244,0.5945673073586751,0.6073573473829658,0.6106597747381205,0.6031895049425336,0.5910103799135963,0.5777002053996327,0.5686858289045437,0.5649037742439461,0.5653121871862978,0.5667841862974365,0.5692733146742001,0.5726392928342068,0.5751971091567012,0.5771739304316441,0.578850227357745,0.5803343077526832,0.5825526128610437,0.5836434029381236,0.5865384008767428,0.5881984448684012,0.5894286184360285,0.5889851528072987,0.5889919833319012,0.590301389808863,0.5907863463610021,0.5921250383560338,0.5922081616527192,0.5912839475727678,0.5897073246848386,0.5889269061508152,0.5872909921606764,0.5845498822541794,0.5807164629356949,0.5785927397115431,0.5750743468332592,0.5694492449468119,0.5643228777000838,0.5572635557285598,0.5504128347812923,0.5434476298295607,0.5377463330845496,0.5317993537833665,0.5267903204204839,0.5219723116777305,0.51957703989491,0.5171033804029613,0.5150183702610751,0.5140833677864504,0.5141241010851859,0.5132956473290213,0.5128523909264575,0.5139269738231078,0.5134552917855594,0.5138642465113943,0.5142287870545066,0.5149927556302489,0.5168203212884446,0.5170513987947282,0.5186216205451291,0.5205673222728135,0.5207729446398661,0.522878731150491,0.5244347571637336,0.5244666904848975,0.5251236453112457,0.5260384789807628,0.5273102346386892,0.526857666643637,0.5267303485391271,0.5274826816461529,0.5328142439881296,0.5386131230531753
0.5247200293829563,0.5246196925700581,0.525791565103014,0.5249593276189105,0.5269508143326447,0.5311447124331911,0.5391874970074277,0.5466825349919585,0.5524913642125103,0.5556759155464628,0.5604377731579588,0.5644286522863626,0.5679595838257661,0.5703817904211461,0.5730889904872888,0.5714676492862909,0.566460634310378,0.5584021918926471,0.5472585488686532,0.5404985378358612,0.5368119134401766,0.5336340870465975,0.5274063681811499,0.5219614289431829,0.5188373931334267,0.5179530779249036,0.5193014358657919,0.5201292673012603,0.5206655526326303,0.5198197772061735,0.5204655054280571,0.5210307911195298,0.5218744382962067,0.5226981276506695,0.5223578907616465,0.5211764683497452,0.5118971044769549,0.5029932949121843,0.4996400669396804,0.5160485786980663,0.5551029183903259,0.5990700469671774,0.6276717390621409,0.6268462839551519,0.6070070804862747,0.5890070625009912,0.583270170640345,0.5882278637663619,0.5992025462443965,0.6106869566136746,0.6149756179568137,0.6075068891485937,0.5967647877378016,0.5845610057292343,0.5773023642316113,0.5730347170725276,0.5717612802774323,0.5720656130352306,0.5728078114587709,0.5751587411353565,0.5780369854762692,0.5808572212354856,0.5815269785599582,0.5838467450245476,0.5849665746039661,0.5871834947856653,0.5894151515741666,0.5915561745723169,0.5918368177496247,0.5909403357813314,0.5904392668084828,0.5911064325478507,0.5924451741020458,0.5925530663768966,0.5935650298323443,0.5933107053534821,0.5917967809300029,0.5907059083016686,0.5895987514715467,0.5865748208724311,0.5832281678322964,0.5813626614676637,0.5784387374987948,0.5739309748057171,0.5682757212302062,0.5613554573935858,0.5549186490610052,0.5491429957414574,0.5440730928413565,0.5399566836120535,0.5359397560858754,0.5293923824380082,0.5256593541019388,0.5216915628497876,0.5193518280943578,0.5185959074186836,0.5195884220620856,0.5201210244449554,0.5195347312143141,0.5199822752512222,0.5196578015414492,0.5189116422729407,0.5192915526843931,0.5207752012831759,0.5212289072250873,0.5212896424423891,0.5215183648211461,0.5217166289314845,0.5214854893107284,0.5208400825046356,0.5214860707713984,0.5222069820747213
0.5242804071455924,0.5238972642652421,0.5246969143741645,0.5252080752101459,0.5286195101094889,0.5341772609429266,0.5416408438649057,0.5505461163962433,0.554934036309985,0.5570587978031124,0.5610677418694656,0.5644904114595476,0.5678103946932422,0.5696994880101829,0.571876351603469,0.5686499768601445,0.5626095791347598,0.552257264833665,0.5431480852067118,0.5372064058810389,0.5331453834055395,0.5313290819026646,0.5281880867913179,0.5245595411670098,0.5219108902881077,0.5200185391701334,0.5201264567882482,0.5195015903458583,0.5192246687017803,0.5203749871009423,0.5200793316880326,0.5216686298885883,0.5230669959981535,0.5228492967711776,0.5211782392394373,0.5158145232337047,0.5043287285339255,0.4958977711422453,0.4970418811184108,0.5237362552590737,0.567615451552429,0.6058610651192324,0.6225888347409141,0.6143651007103517,0.5942206601270906,0.5822817472956301,0.5825370016294602,0.5907957496835534,0.6037056235124174,0.6142438111070474,0.6142681336320459,0.6042208584796035,0.5887882066380061,0.5775658598448934,0.5723519520829595,0.5692010488889815,0.5690465911773437,0.5699803118779143,0.5730545452158842,0.5731995720938262,0.5753487393265111,0.5767774403358757,0.5784885508332784,0.5795831160616479,0.580739452706269,0.5830145872377569,0.5839198752192225,0.5865402724343891,0.5881864968208489,0.5890169907734547,0.5892566236956229,0.5887777045493913,0.5899949774408247,0.5901969390813492,0.5909004616957045,0.5918207728683522,0.5905376580257877,0.5894235486497419,0.5873949276289042,0.5862389701463196,0.5829132033996092,0.5789289684116775,0.5752609000582372,0.5704873980126488,0.56572340686189,0.5596598058188378,0.5549701123943931,0.5495158412282629,0.5423798143115373,0.5364210146857298,0.5320982577936653,0.5288651216797717,0.5262980114086675,0.5247254493647351,0.5215563635432816,0.5204013345713716,0.519408946725952,0.5191389393477229,0.5198677224464263,0.5201179331738963,0.5226645915840812,0.5222419634813396,0.522074454636854,0.5217176839403785,0.5228374505022246,0.5233690854502282,0.5241034173435836,0.5244406397183357,0.5249059608647818,0.5250626813835406,0.5249157483373413,0.5268461301764651
0.5242804071455924,0.5238972642652421,0.5246969143741645,0.5252080752101459,0.5286195101094889,0.5341772609429266,0.5416408438649057,0.5505461163962433,0.554934036309985,0.5570587978031124,0.5610677418694656,0.5644904114595476,0.5678103946932422,0.5696994880101829,0.571876351603469,0.5686499768601445,0.5626095791347598,0.552257264833665,0.5431480852067118,0.5372064058810389,0.5331453834055395,0.5313290819026646,0.5281880867913179,0.5245595411670098,0.5219108902881077,0.5200185391701334,0.5201264567882482,0.5195015903458583,0.5192246687017803,0.5203749871009423,0.5200793316880326,0.5216686298885883,0.5230669959981535,0.5228492967711776,0.5211782392394373,0.5158145232337047,0.5043287285339255,0.4958977711422453,0.4970418811184108,0.5237362552590737,0.567615451552429,0.6058610651192324,0.6225888347409141,0.6143651007103517,0.5942206601270906,0.5822817472956301,0.5825370016294602,0.5907957496835534,0.6037056235124174,0.6142438111070474,0.6142681336320459,0.6042208584796035,0.5887882066380061,0.5775658598448934,0.5723519520829595,0.5692010488889815,0.5690465911773437,0.5699803118779143,0.5730545452158842,0.5731995720938262,0.5753487393265111,0.5767774403358757,0.5784885508332784,0.5795831160616479,0.580739452706269,0.5830145872377569,0.5839198752192225,0.5865402724343891,0.5881864968208489,0.5890169907734547,0.5892566236956229,0.5887777045493913,0.5899949774408247,0.5901969390813492,0.5909004616957045,0.5918207728683522,0.5905376580257877,0.5894235486497419,0.5873949276289042,0.5862389701463196,0.5829132033996092,0.5789289684116775,0.5752609000582372,0.5704873980126488,0.56572340686189,0.5596598058188378,0.5549701123943931,0.5495158412282629,0.5423798143115373,0.5364210146857298,0.5320982577936653,0.5288651216797717,0.5262980114086675,0.5247254493647351,0.5215563635432816,0.5204013345713716,0.519408946725952,0.5191389393477229,0.5198677224464263,0.5201179331738963,0.5226645915840812,0.5222419634813396,0.522074454636854,0.5217176839403785,0.5228374505022246,0.5233690854502282,0.5241034173435836,0.5244406397183357,0.5249059608647818,0.5250626813835406,0.5249157483373413,0.5268461301764651
0.5549206746382616,0.5589959011342388,0.5641573718697513,0.5698026468203948,0.5748382335572616,0.5766297967429213,0.5782656937012497,0.575800364418542,0.5703455869293858,0.5594864043324195,0.5494079289030662,0.5445746306487035,0.5416101385350996,0.5389334874856201,0.5345955756118465,0.5307308188118448,0.5275883068950652,0.5264693593820245,0.5269930278158146,0.5263359410211285,0.52520120888579,0.5253852848160062,0.5258514433428855,0.5260384564682632,0.5264473863829123,0.5277891081740448,0.5273503098954808,0.5222425367320883,0.5118773099650435,0.5025311952046113,0.5003848510457147,0.5197830087556012,0.5559682991239971,0.592467959635733,0.6016842505576289,0.5913970032505218,0.573233850222356,0.5644713051179744,0.5724447972924981,0.5849445009591395,0.5992352737781176,0.6099732487470692,0.6103994033598735,0.6003157669251524,0.5872686806834782,0.5741534504185671,0.5677201326600713,0.5653530005867582,0.5648364111836826,0.5653927312215642,0.5686933249259611,0.5707849724269239,0.572618509762586,0.5741654527647504,0.5768632334628316,0.5783791962168668,0.5813019653516606,0.5837313447086491,0.5851348183719193,0.5855995639775086,0.5862842096821252,0.5880981972538153,0.5906305551901907,0.5913647906479309,0.5937477573175416,0.595475060520257,0.5948778505248024,0.5933630232920875,0.592013947614908,0.5908077719749601,0.5879880576272416,0.5847788049475806,0.5820275757574707,0.5785053115646362,0.573921239009092,0.5695465729013769,0.5641846151135748,0.557887096275396,0.551865324325056,0.5449996744165799,0.5392100661080049,0.5325231720605184,0.5286631903303919,0.5256481865240046,0.5229529248910216,0.5202507040603284,0.5186397266025194,0.5171386433141417,0.5155544064773855,0.5140599698019781,0.5139657509320198,0.5153586406851745,0.5153708312966266,0.5167016615501333,0.5175303732219774,0.5166846268045101,0.5179857862893693,0.5189608352762443,0.5197347952094241,0.5198332195350863,0.5208625219176873,0.5220800410113311,0.5222513963476871,0.5237960929107679,0.525234032793049,0.5269747832048142,0.5273825630159371,0.5268816385643496,0.5281603704013306,0.5278439203509909,0.5282632231852845,0.5326321281918368
0.7316544684324874,0.7299967668158758,0.7291691890282261,0.7319103684664426,0.7352152257746686,0.733335520966479,0.7334241561327104,0.7323710979453996,0.7336479051050349,0.7348825484154461,0.7333978378950423,0.7303046597400373,0.7286851974212943,0.7285332314334677,0.7267257924634557,0.726377834508435,0.725576081264577,0.7268768503581136,0.7319098219504969,0.7292428351095753,0.7269218564902336,0.7286100177404465,0.7275127179700706,0.7312030689350861,0.7293492919633686,0.7280264530082122,0.7276014116786822,0.7279827236321263,0.7268437655473071,0.7295025802424178,0.7313824072333709,0.7326687687106507,0.7317742521568287,0.728844311704276,0.724212716405089,0.7208572896082048,0.7195578787527253,0.7109346596199615,0.7021156948205095,0.7012066424719745,0.7180199964310879,0.7503472664425344,0.7735352428218324,0.7569882236011277,0.7175615986880396,0.6811788419331465,0.6706083168133589,0.6893395899373613,0.7073011021295533,0.7179646960414786,0.7207883728932981,0.7241656946266739,0.7271612744004887,0.7308113643652674,0.7335317311550996,0.7321620803041214,0.7314553442481027,0.7312075876533313,0.7309990741156263,0.7334296209601558,0.731872834087421,0.7340282874346904,0.734276544724265,0.7341677589554962,0.7332949336692467,0.7309533111599744,0.73375694273048,0.7344161645047251,0.7375382631393534,0.7365988893719333,0.7380641505899906,0.7378991637486872,0.7368227739062094,0.7351240353605054,0.7351823926294606,0.7405658262735028,0.7452605076223475,0.747941193710514,0.747019225094811,0.7446155725923572,0.7452331884978836,0.7483044393809024,0.7522593147742686,0.7578177186149788,0.7613278965827786,0.7666538139332008,0.7720900254198426,0.7721412791239763,0.7719033014020452,0.7689299412929856,0.7663423953619385,0.7654309248291,0.7612965193286486,0.76181044602567,0.762550809063048,0.7654921541881686,0.76246142754171,0.7566102711122119,0.7517964559837466,0.7459989397273493,0.7445283939311533,0.7405279653368024,0.7363009487210659,0.7302681047102632,0.7280370022916103,0.7253863598093181,0.7239067723979087,0.7267916098213462,0.7279949696175614,0.7316621351189783,0.7338849169376217,0.7327871141090915
0.7283462532183532,0.7308466085687203,0.7324394847390762,0.7306684440885589,0.729116496171074,0.7264015459042392,0.7269695421547376,0.7298312102761215,0.7319022573045463,0.7307854360696568,0.7289543705808009,0.7266994657267346,0.7245474560293702,0.7263706341100281,0.7262901742797424,0.7249673097774256,0.7273779995685308,0.7267300941706019,0.7288215940380475,0.7296517956174057,0.7261008846227823,0.726131754618774,0.7277863063831524,0.7288861683253609,0.7313812217331073,0.7309370821511815,0.7303059337852956,0.7313911687584751,0.7304671035093615,0.7294188513354957,0.727965706133588,0.7257626555832964,0.7253758923617987,0.725215524340225,0.7271290607653521,0.7256440102442533,0.7213331531599577,0.708564518323871,0.7017041549571664,0.709775877154101,0.7339889929754241,0.7696308743036127,0.784087949634066,0.7607245709956201,0.7206869356930502,0.6855362995162014,0.6813226232044584,0.6998631077074691,0.715192623439533,0.721866025110172,0.724325237313168,0.7257105401310601,0.7277793360573325,0.7293509542261544,0.7286782474160819,0.728446679616274,0.7301356825160727,0.7305728283186746,0.7330611227947714,0.7332844337365464,0.7334001185863422,0.7337586683673931,0.7331792715010924,0.7348691964664013,0.7363351753338395,0.7376988143391641,0.7403249113226633,0.7399472382754342,0.7392852582748405,0.7375450061301688,0.7352549887539903,0.7373104787756771,0.7389782052048552,0.7405336673494094,0.7392396173628707,0.7378882975533416,0.7393352751184542,0.7443321125624625,0.7481568707090135,0.750302148743647,0.748354647195065,0.7470402659374985,0.7462959424941261,0.7475858404488979,0.7518668155496326,0.7558844876768751,0.7621938485660682,0.7659735034173611,0.7703217908753051,0.77192023795826,0.7729028729593744,0.7749099586165461,0.7731295154381177,0.7694268044552977,0.7651138124322242,0.7615746812860291,0.7622822360446998,0.7643414142403138,0.763861273319701,0.7612088681693474,0.7538495263718219,0.7474879871955662,0.7417776352635309,0.7395515555235823,0.7377547048516787,0.7358199181676598,0.7350074083496037,0.7353520452869853,0.7354383049450539,0.7350905081429074,0.7357153597636319,0.738631174828937
0.8185494037653183,0.8170403416723271,0.8173583357557052,0.8162892763608708,0.813696452522771,0.8120870062794788,0.8097237306872768,0.8098022982982058,0.8100142495464904,0.8081649959061277,0.8075260983531628,0.8066010754745994,0.8071630923559786,0.8083353366238837,0.8076228828877946,0.8062303267583937,0.8059397013888369,0.8055289024683794,0.8064780672835483,0.8052866167903242,0.8048854934562925,0.8060909411232524,0.8070820130360336,0.807464647709163,0.8056050379038527,0.8049814965153237,0.8051463031828517,0.8057618816374765,0.8065416318142693,0.8072944130504259,0.8078399465660528,0.8071331295151174,0.8064750475154728,0.806481899849481,0.806071789240847,0.8030800719468469,0.7943240692714806,0.7827388879667018,0.7760009370650335,0.7858055450934389,0.8143247578736683,0.8509493926161967,0.862043054005715,0.8310908057969618,0.7868233273733767,0.752616671582354,0.7519128198531847,0.770756764456696,0.7842214106265188,0.7919201705061355,0.7950332154862186,0.7961817493946938,0.7957236962856391,0.7932526288122184,0.7910351538216059,0.791720420098854,0.7938267479642332,0.7963575879315139,0.797259085979699,0.7958397527083692,0.7939555224092087,0.7913537477220015,0.789138565990219,0.7907002026560022,0.7934914582877923,0.7959228256095587,0.7983600703610483,0.7981863780995462,0.7986961169292982,0.7968511139953746,0.7955720502793613,0.7941060574232202,0.7937739956656266,0.7938224330793355,0.7922252639249667,0.7929252663486607,0.7945580315944339,0.7969639182550591,0.7989522403185281,0.7988555996613708,0.7982775040784077,0.7983336286114733,0.7983050632622252,0.7974446836585386,0.7971883558559041,0.7963638804638619,0.7959040658673447,0.7951784447892895,0.7952157632079304,0.7945682644020703,0.7955106164934809,0.7974307270674239,0.7991419560732074,0.7994636625440087,0.8009462731305824,0.803414048659462,0.8084117138663552,0.814601355285079,0.8176025797366111,0.8202238421042537,0.8229235524435055,0.823766369419574,0.8243426192431382,0.819699843412057,0.8132598939879938,0.8079120694172276,0.8027728967081249,0.8029581918705543,0.8034350315575349,0.8045326899503432,0.8059166106287758,0.803240347285765
0.5660228943375283,0.5665639859155496,0.5681259428847666,0.5670472542483403,0.5648767390843462,0.5647258597066189,0.5648915807596789,0.5662477742046818,0.564621153743212,0.5651626426739017,0.5658360643243735,0.5677938041052352,0.5697207059552782,0.5692320759194327,0.5699385408149706,0.5679213468627958,0.5652173223205661,0.5631321397836442,0.5626204621829114,0.5639702514847393,0.5642343103356039,0.5634066348907142,0.5638583089019418,0.5648781064805579,0.5680331212965578,0.5687780195398668,0.5683952100979337,0.5688568138247971,0.5686983656145718,0.5691796162290629,0.5703597570855039,0.5710432547922498,0.5714115123066087,0.5733489661326273,0.5732669719515346,0.574328662263429,0.5722539974241008,0.5671279762624726,0.5647117475321806,0.5744285220099443,0.6002393083068703,0.6379235984580973,0.6559581963543875,0.6381643788897462,0.601527468597614,0.563830546862676,0.5540476974212496,0.5577255926050046,0.5642494152787486,0.5670725763562718,0.567886809308784,0.5659546570980042,0.5664063349181586,0.5662305321283305,0.5678444929111235,0.5714651274421949,0.5731228057504093,0.5782724138657499,0.5821749271568025,0.5859510660313884,0.589368621980532,0.5935035834405957,0.5965233297585846,0.5983767814546727,0.5975806694007093,0.5976212449758165,0.5983435972890899,0.6011957443425664,0.6039313200091502,0.6044135313164947,0.6031819712298468,0.5973448823073424,0.5884736380782317,0.5831747700445037,0.5814386647162274,0.5816361645047151,0.5822987141102772,0.5793549017094151,0.5778077368967521,0.5773366942549134,0.5770085446625235,0.576001353396158,0.5725921261836032,0.5685844815502468,0.5639698631010712,0.5619831990464812,0.5606574952615483,0.5614646561758971,0.5600093806625503,0.5575949877664842,0.5537545614128445,0.549239909636986,0.5459439076290773,0.5450635255102086,0.5461595333414173,0.548086728465055,0.5504863974706956,0.5500966510901303,0.5511391196275915,0.5507853880780068,0.5541463419926195,0.5565417680140122,0.5578605782130821,0.5577714523364398,0.5565030188098116,0.5547349412280131,0.5546450082847505,0.555146457213778,0.5546414680929664,0.5559959317131483,0.5536514666363496,0.5543989413258888
0.5496767478462895,0.5492577466625979,0.5492165781617473,0.5496196438395472,0.5496245394137351,0.5507637632212227,0.5523837423157885,0.5548028939956315,0.558023663847531,0.5619487773428931,0.562594890360797,0.5638264315736502,0.5625440436267166,0.5622984352258428,0.5651560775241885,0.5670836167531018,0.5691537069445847,0.569134374644669,0.5684105809152621,0.5685416038792712,0.5718477868577051,0.5749646772892016,0.5775397815209394,0.5774611198974648,0.5759278276822368,0.5743471534992417,0.5753260966692016,0.5779220396342241,0.5797084748900891,0.5817637003111401,0.5840583681895318,0.5853386738673687,0.5873989621939407,0.5873323690816417,0.5890616126845669,0.590353654301891,0.5904993843521097,0.586783472771575,0.5802206658473302,0.5792055397144847,0.595328096586146,0.6243377742465994,0.657691643437061,0.6568999153366593,0.6284841466563349,0.5879540785959534,0.5603877392810933,0.5585082679248663,0.5657050325629954,0.5732269584161552,0.5776478799854688,0.5785406989756587,0.576809436978008,0.5779929779875477,0.5807829424085716,0.5861812819410593,0.5878640623994936,0.5897894639227595,0.5938311151014473,0.6010474010591832,0.6082690624517977,0.6132782696214352,0.614671379551956,0.613955930312629,0.6139093501039539,0.6118006915762532,0.6113973966233401,0.611260233357626,0.6105677788558327,0.6098291150790853,0.6035822322471729,0.5952902943062515,0.5874381321124863,0.5815519200395133,0.5794185374317556,0.5783641786110448,0.576890005335566,0.575187346584481,0.5747370985597574,0.5723271424911334,0.5720191680738804,0.5719954294651085,0.5712250703308906,0.5699237686754727,0.5667061043784164,0.5612729536350757,0.5552217476376708,0.5512649725157904,0.5497551076456946,0.5468805455869004,0.5457423687721763,0.5415356364807751,0.5389200687056654,0.5378196310256621,0.5359697474987882,0.5343830816628311,0.5359966474089699,0.5362720604131611,0.5369671993251486,0.5356453451104535,0.5333148106130843,0.5330697229499943,0.5355199916141938,0.5388166606944746,0.5424980900897315,0.5438254202792197,0.5431965596208728,0.5424483498527979,0.5414701651112291,0.5412876874560865,0.5399539728107687,0.5400964758878056
0.5496767478462895,0.5492577466625979,0.5492165781617473,0.5496196438395472,0.5496245394137351,0.5507637632212227,0.5523837423157885,0.5548028939956315,0.558023663847531,0.5619487773428931,0.562594890360797,0.5638264315736502,0.5625440436267166,0.5622984352258428,0.5651560775241885,0.5670836167531018,0.5691537069445847,0.569134374644669,0.5684105809152621,0.5685416038792712,0.5718477868577051,0.5749646772892016,0.5775397815209394,0.5774611198974648,0.5759278276822368,0.5743471534992417,0.5753260966692016,0.5779220396342241,0.5797084748900891,0.5817637003111401,0.5840583681895318,0.5853386738673687,0.5873989621939407,0.5873323690816417,0.5890616126845669,0.590353654301891,0.5904993843521097,0.586783472771575,0.5802206658473302,0.5792055397144847,0.595328096586146,0.6243377742465994,0.657691643437061,0.6568999153366593,0.6284841466563349,0.5879540785959534,0.5603877392810933,0.5585082679248663,0.5657050325629954,0.5732269584161552,0.5776478799854688,0.5785406989756587,0.576809436978008,0.5779929779875477,0.5807829424085716,0.5861812819410593,0.5878640623994936,0.5897894639227595,0.5938311151014473,0.6010474010591832,0.6082690624517977,0.6132782696214352,0.614671379551956,0.613955930312629,0.6139093501039539,0.6118006915762532,0.6113973966233401,0.611260233357626,0.6105677788558327,0.6098291150790853,0.6035822322471729,0.5952902943062515,0.5874381321124863,0.5815519200395133,0.5794185374317556,0.5783641786110448,0.576890005335566,0.575187346584481,0.5747370985597574,0.5723271424911334,0.5720191680738804,0.5719954294651085,0.5712250703308906,0.5699237686754727,0.5667061043784164,0.5612729536350757,0.5552217476376708,0.5512649725157904,0.5497551076456946,0.5468805455869004,0.5457423687721763,0.5415356364807751,0.5389200687056654,0.5378196310256621,0.5359697474987882,0.5343830816628311,0.5359966474089699,0.5362720604131611,0.5369671993251486,0.5356453451104535,0.5333148106130843,0.5330697229499943,0.5355199916141938,0.5388166606944746,0.5424980900897315,0.5438254202792197,0.5431965596208728,0.5424483498527979,0.5414701651112291,0.5412876874560865,0.5399539728107687,0.5400964758878056
0.5415356364807751,0.5389200687056654,0.5378196310256621,0.5359697474987882,0.5343830816628311,0.5359966474089699,0.5362720604131611,0.5369671993251486,0.5356453451104535,0.5333148106130843,0.5330697229499943,0.5355199916141938,0.5388166606944746,0.5424980900897315,0.5438254202792197,0.5431965596208728,0.5424483498527979,0.5414701651112291,0.5412876874560865,0.5399539728107687,0.5400964758878056,0.5426182724967021,0.5459696682477116,0.55094827270289,0.5534822758323114,0.5550139434573623,0.5551936796923451,0.5537596218420037,0.5539346203501248,0.5538293513448218,0.5548840196995689,0.5559566924723421,0.5572454400853166,0.558592000235616,0.5589154908032009,0.5584410735086799,0.5560737901298581,0.5519192368917945,0.5483525462032663,0.5559341734574932,0.579763343997535,0.6181388029454613,0.641707254930002,0.6293154792104658,0.59712941375194,0.5609824928690285,0.5499130422956694,0.5563059880074268,0.5627616253321591,0.5693194538373386,0.5706223559573858,0.5711738627233295,0.5717623166918586,0.5729518287659078,0.5757505347217414,0.5770682105923793,0.5799067958971054,0.5843891194973494,0.589567439106718,0.5952797916069782,0.5978882037959959,0.5987006273705276,0.5979922344096857,0.5957784560728943,0.5946123267562223,0.5950088631781579,0.5974292968693417,0.5979425928719111,0.5978257379088521,0.5943762410448786,0.58747517753847,0.5816577483211228,0.5736757917234847,0.5712901676701293,0.5719986294675368,0.5703472549741415,0.5715963449263257,0.572417760671937,0.5732403546777738,0.5751743508435876,0.5741001067241797,0.5713279449701282,0.5697122349007906,0.5669082281995548,0.5631954791196561,0.5593718521396441,0.556198966360996,0.5536100625409922,0.5519986400605099,0.5485902928498783,0.5459744944980337,0.5436170009616632,0.5431702408193049,0.5427535319791297,0.5412568386056209,0.5400042716200876,0.54092000729641,0.54369426750903,0.5469528689483352,0.5474859767290615,0.5469930437942028,0.54466517319715,0.5442460787990961,0.5426937007685955,0.5420293854910796,0.5409090409926773,0.540124437567183,0.5389879732611043,0.5406074513468514,0.5409402144859725,0.5406045354626008,0.539223033432881
0.5221149032540033,0.522545385714946,0.5212831547035182,0.520337114364933,0.5249007355709643,0.5296497618509142,0.536079980748524,0.54487419440427,0.5494722826093421,0.5572684551367582,0.5608367913661062,0.5607715039463846,0.5622274292636972,0.5626402608110701,0.5633940674515364,0.5610284901270791,0.5550658104208438,0.5443502171257812,0.5378451099028034,0.5312812729133449,0.5268011190625986,0.5213684483260271,0.5162052345151193,0.5138331450076654,0.511905911116841,0.5139566535688828,0.5149183448241682,0.5154425609275629,0.5099421189363692,0.5094631456165282,0.5108151028841625,0.5137999950334349,0.5160319314780122,0.5149660243252316,0.5110336583664302,0.5005985022407784,0.4901987643398727,0.4861660298543553,0.4976022593218569,0.5343170727563344,0.5797400890085417,0.6130491659766464,0.6213255654968868,0.6070144379160414,0.5874755905851803,0.5780774203844307,0.574834455069248,0.5847576176307123,0.5982023074715209,0.6026425744066608,0.5965928819616614,0.5823738750783146,0.566626803448719,0.5579342402070131,0.5519237174339211,0.5529216940977572,0.5563327863269466,0.5588017751566612,0.5648504149612215,0.5673125437553713,0.5693141711172672,0.5690225668730131,0.5689897632236198,0.5689688970595476,0.5689491150326541,0.5708935626644381,0.5715820348374276,0.5745081526108521,0.5772174846300955,0.5787575171613141,0.5802248914457072,0.576908666644008,0.5752844002911224,0.5779380323688103,0.577928175592423,0.5783278786574595,0.5750952193266125,0.5735868019092362,0.5705557152404389,0.5703652833907378,0.5705563430777875,0.5703513856373824,0.567229358565992,0.5616124754998253,0.5563351826238936,0.5536091673752263,0.5469389174204423,0.5462474090002454,0.5401370718214108,0.5357136546583391,0.5317912131539883,0.5275179830375331,0.5252083018004143,0.5242229337092531,0.5261539903473302,0.5260855845909619,0.5270412033413697,0.5237148263796714,0.5236038584555368,0.5223285530461057,0.5213584733421803,0.5230762529049081,0.5248220976876888,0.524345823425264,0.5240123241079095,0.5217844650154869,0.521914226173648,0.5258483475806098,0.5259030142055164,0.5302239848235764,0.5300007107165068,0.5287656881786593
0.5293360516212999,0.5300560637144535,0.5307739600350582,0.5299885286757393,0.5304500564270476,0.5303295805412271,0.5303516072034546,0.5299522471296643,0.5308017688886592,0.5309888262700586,0.5314565487456996,0.5312412440207882,0.5306143149939087,0.5299070782038939,0.5299570738569619,0.5303310584672346,0.5300945454688125,0.5298203651380774,0.5300021540605053,0.5323965398324856,0.5327153207584172,0.5361647260404071,0.5428121970587345,0.5497069856064034,0.5532488619805294,0.5466639022314236,0.534558501226412,0.5120240341503102,0.4859187117114447,0.4582821454530214,0.437417715005774,0.4302278457186133,0.4381273498370432,0.4706066064402178,0.5147022912517709,0.5613704208535559,0.5987443328132882,0.619877438398887,0.6339422926845423,0.637580797698007,0.6439651469483834,0.6512980717486335,0.6529907618863221,0.6499413962931966,0.6309550869836298,0.6071195824826523,0.5881526953185334,0.5781732888964145,0.5768389370744748,0.5763649254461564,0.575802824408882,0.5746587288348339,0.5740919329555911,0.5738399405202057,0.5762671204397954,0.5784157016611781,0.5801289272313674,0.5814944373288857,0.5819218311145888,0.5853603620800936,0.5866793167499964,0.5877342534371282,0.58998651851993,0.5890567643527819,0.5888462903387336,0.5895209446591771,0.5899295284230959,0.5907413831950532,0.5918981796056425,0.5930578338948744,0.591156730968682,0.5898677736920184,0.5859433206054295,0.5830595751053222,0.5793742025409883,0.5756672282032159,0.5722604131556674,0.5688976708080006,0.5637949598869553,0.559170389235655,0.5557701371748525,0.5497938162933844,0.5474066766629075,0.5416765180176341,0.5381938555559027,0.5328919443020147,0.529500488202493,0.5297426503676999,0.5285335836837134,0.5274670704074229,0.5238992531567154,0.522574968613473,0.5194391906350155,0.5168604929890922,0.5153628514173113,0.5134862438050215,0.5122804222648395,0.5134463288301611,0.5147624522970222,0.5158684895128585,0.5143586057481758,0.5142381506141985,0.5140848452909526,0.5114577698767757,0.5103155071597574,0.5088222804358131,0.5102212994962523,0.5113354833229606,0.5106280794406283,0.5110723109718408,0.510179388413469,0.5094898085138465
0.5213200533778363,0.5208964469001276,0.5201215202556766,0.5226816455623231,0.5287206474218102,0.536360089257691,0.5435774738306827,0.5495382699668018,0.5523059428368243,0.5571120257707566,0.5608955529419309,0.5641379913094885,0.5653038067919206,0.5665978184669935,0.5644391839591403,0.5618186065060709,0.5527714439209671,0.5414022452072167,0.5349503806015606,0.5308561545339461,0.5265512045781369,0.5214945497995827,0.5180799283955033,0.5160374592799669,0.5155718814504556,0.5126870956132112,0.5123471155158372,0.5117290942250801,0.5118960558419132,0.5131715910522651,0.5119953816584784,0.5097477111116485,0.5101833633452232,0.5118110276270876,0.5120967840047072,0.5033766909953223,0.4919745424330536,0.4833906267754885,0.4919086988534265,0.5254673749772343,0.5730938125248185,0.6092493052915099,0.618202673639751,0.6040430331508843,0.5826010452210657,0.5721221079681674,0.5721291281875318,0.5835341678190157,0.5965901569135335,0.5982054850514209,0.5886977260706536,0.57382020656222,0.5612320658793474,0.554341681421435,0.5514092112624285,0.5518166502402263,0.5534335734159345,0.5558275297220203,0.558151620075323,0.559234774754638,0.5608550312859264,0.5630957501766003,0.5662690004015261,0.5696564352162328,0.5703250682826186,0.5717603483646377,0.5721292090813834,0.5722600636626436,0.5733330472539919,0.5753165389116305,0.5761106035808465,0.5759064867707199,0.5752129965076649,0.5753044765876074,0.5746525472224147,0.574270110421661,0.5745734120572176,0.5752535281891906,0.5742417627504363,0.5736204533942303,0.5721543601142529,0.5695359955458864,0.5656195224588391,0.5618309656076412,0.558551181625151,0.5558543812264821,0.5514337768544465,0.548013874795267,0.5431256128534971,0.5389899775207054,0.5360023278641622,0.5341933866836576,0.5314588182068143,0.5291964242650209,0.5277363332842192,0.5260833912429712,0.5252291363196119,0.5243947704232461,0.5253259305430503,0.5253774547265356,0.5250624186903421,0.5256043765718531,0.525064807839541,0.5235839243655737,0.5234758838048115,0.5243286004008012,0.5261155297318009,0.5255769922273569,0.5266031035878646,0.526830804511725,0.5275706112477455,0.5289195100383322
0.516733248578167,0.5163135987558753,0.5178114257799552,0.5190292403745739,0.5219569323305759,0.5281063091088736,0.5340352022333548,0.5427255297059469,0.5479809915412915,0.5526009264062315,0.5569936653630292,0.5580307980980206,0.5577202866867899,0.5586896943657861,0.5608090376544345,0.5583754477408958,0.5537326099225729,0.5440518944266257,0.5356095531421785,0.5299341920068135,0.527599026956312,0.5232945471967041,0.5186345584363442,0.5172961893582604,0.5141243269545173,0.5148629686799711,0.513999515586212,0.5134222805553746,0.5157426706133897,0.5151688247191443,0.5152943062575711,0.5148178880728624,0.5146151565573386,0.5158670866403581,0.5148100151234101,0.5071349176190558,0.4990683600434389,0.4941220616440897,0.5151588819968738,0.5549331703359934,0.6010743981259551,0.6256868872757061,0.6260821666131947,0.6066652616445384,0.591244148929902,0.5896557724787594,0.5939787131773722,0.6049559204360837,0.6118202806307113,0.6157682078099488,0.6120838508811998,0.6042983543299977,0.5990397197603495,0.5963395286927725,0.5938051843521192,0.5898410027514002,0.584932632098408,0.5820763039023958,0.5806745332491535,0.5811085126887757,0.5848209730540869,0.5861634618791774,0.5880028199771669,0.5893962659633635,0.590088771133792,0.5914045154444085,0.5900748664469078,0.5905933899495259,0.5906841338610962,0.5920724197896456,0.593131153949747,0.5940833348075292,0.5931767803090015,0.5895763140888957,0.5870152893197388,0.5833919192587911,0.5805057921190659,0.5791704819336532,0.575755811943014,0.5714353527925118,0.566237035755817,0.5588862249478623,0.5541909981286687,0.5467932140460853,0.541387933004599,0.5378309248985668,0.5332622701621597,0.5287637130506105,0.5234317661404664,0.5204151341647927,0.5169016983994532,0.5143924091221732,0.5129723875325768,0.5118072743927973,0.5126921065709105,0.5138825705598696,0.5140128421729838,0.5124415433642879,0.5102818904459391,0.5098644315287163,0.5116941192780137,0.5142460795311501,0.5156641088426732,0.5177769379494727,0.5172787961101661,0.5161269939618722,0.5173277258216352,0.5175266272761233,0.5185001427530457,0.5178751289163906,0.5177393671648544,0.5178865408291945
0.5173131449982354,0.5173917798428134,0.5176144772092618,0.5227120515542855,0.532078946082564,0.5416286672942056,0.5510409126653442,0.5573607588641393,0.5619646042658961,0.5664823319969575,0.5711380470836426,0.5721551705936679,0.5713321563351491,0.5703867308535657,0.5666275413453086,0.5634702514531863,0.5568649053272436,0.5530398660420821,0.5496146857747735,0.5456186201918914,0.5418797970904508,0.5403253011842651,0.5394794567701118,0.5378576378373119,0.5365721720391647,0.5346406909989172,0.5341058935163551,0.5323505088382315,0.5330755896563614,0.5332117737387994,0.5330080935785948,0.5354673217745767,0.5365566453564891,0.5366601421646411,0.5367451666156303,0.5312007699171141,0.5221562488055796,0.5148176692505981,0.5213987760160971,0.5554846837924742,0.6112222277652839,0.6579760084028644,0.6778565549829635,0.6680885447061661,0.6398156925182673,0.6192405157557996,0.6108644269320808,0.6095839269506174,0.6109399438835992,0.6067356614343461,0.596513617017838,0.5856124513652992,0.576134386345976,0.5741945435294058,0.5732019783983332,0.5706321498403173,0.5701592811676445,0.5707899259817555,0.5721820426604479,0.5724494388233964,0.5722294445940448,0.5723069369555988,0.5753340357956281,0.5782101838741346,0.5824953777124483,0.5847555098852727,0.5834793249227425,0.5816179877109496,0.5819360483527104,0.5821614681067908,0.5846469378266415,0.5849612374212443,0.5900318816610365,0.5923955369021292,0.596820025908274,0.5999208666884752,0.598186644904519,0.5987711533488843,0.6001321784956721,0.6026507954162459,0.6042322775013087,0.6048100794500633,0.6064952306011862,0.60817428026355,0.6078724353003595,0.6060461882864221,0.6023430844796358,0.5985051027049121,0.5944058646757346,0.5918785344771629,0.5870583888924349,0.5807155437847995,0.5715529064228876,0.5649262988999492,0.5584271242797474,0.5495834457329761,0.5407931210254544,0.5305932063734512,0.5226197208736211,0.5155618073869845,0.5124438247552088,0.5095375111539514,0.5049798999088183,0.5035758736888685,0.5033609420325323,0.5053765943177553,0.5044892001951514,0.5037615947071059,0.5011186073495734,0.4998164798165039,0.5002517853194487,0.4998284562994567
0.5051504492068178,0.5069597254572176,0.509233455420841,0.5101230121324409,0.5114865336399242,0.5161608514718667,0.5232394569017601,0.5295586660905836,0.5363388253142714,0.5414595370147873,0.5439531634618755,0.5493548806981314,0.5530692860322344,0.5574158192846599,0.55932569514708,0.5625196215839999,0.5600231237051723,0.5521383538633655,0.5416214918253399,0.5314916962252247,0.5259717942695291,0.5197488008384055,0.515016683819774,0.5113997244768046,0.5079257465765358,0.5062975129293695,0.5060663929021966,0.5057848933584181,0.507281595818118,0.5050971342270265,0.5072300679767257,0.506399061185509,0.5082586669089397,0.5120874679506294,0.5143043191371149,0.5101449875035685,0.4980647196632488,0.4880592561328552,0.4903133243479524,0.5175293540460665,0.5661890957664114,0.6113111199747713,0.6296637610271361,0.6192072601028412,0.5960318558134017,0.5823070359686207,0.5817866366512313,0.5901901941070241,0.6035109837053967,0.6099160650013152,0.6086242650825131,0.6025334033654656,0.5971532422238889,0.593881019597088,0.5919357718640049,0.589789408515361,0.5849188094136156,0.5805574247345006,0.5762315733965484,0.5770263759728018,0.5789292441483216,0.5804110769986708,0.5827504896413287,0.5831234058323704,0.5838480015465812,0.5843025356518272,0.5859209465652581,0.587118009934044,0.587016530135465,0.5875464948990106,0.5880720724055223,0.587459215511527,0.5858276258415451,0.5841740065652414,0.5823850383325911,0.5784102066657228,0.5759956638494034,0.5720056174516349,0.5686798307303806,0.563570204574697,0.5597140265241148,0.5550381101350393,0.5483182363026097,0.541458135476349,0.5362379521923776,0.5311519355624579,0.5265589875260518,0.5219399393216673,0.5177302517328592,0.513368788215001,0.5110480581052306,0.5090198639744354,0.5087824432934327,0.5079612669054352,0.5080328392545986,0.5086582829151155,0.5070324576273325,0.506624428082556,0.5066981835465778,0.5081069580163321,0.5087527823639654,0.5090945334318728,0.5110706721864187,0.5118263105866353,0.5104909732453441,0.5109017921552088,0.5107415609569037,0.5115292516675746,0.512222072000274,0.5134223668173675,0.5148447563783871,0.5154698379803819
0.5176623348869666,0.5192445673308425,0.5177294340807488,0.5177652921724055,0.5180823177065564,0.5201873615109911,0.528709484077048,0.5369206698379302,0.5449974351526441,0.5474232614943952,0.549882826497709,0.5523092429210916,0.5537091649247623,0.555190906440362,0.5593212919963433,0.5605528356535858,0.5562969392990674,0.549156560071797,0.5381042898178325,0.5315129778067488,0.5258328336821242,0.5235071422202185,0.5201866459912231,0.5162573128072204,0.5135329119633993,0.5128966546094681,0.5128873769144771,0.5122682006894866,0.5121572579369584,0.5123547279270103,0.5120560059386308,0.5114507280821371,0.5127298712074984,0.5130297830465911,0.5107079182117057,0.5057804459129486,0.4956547180642833,0.4870329497449243,0.488953920476247,0.5157914640998581,0.5611304297303391,0.6011337097972083,0.6160827675926631,0.605561933137716,0.585194762463107,0.573286361834512,0.5776848474675619,0.5889776188887569,0.6009443576422286,0.6064300218795096,0.6053467200019216,0.6009692715369248,0.5937319303947917,0.5889455227868345,0.5807027279016376,0.5753561283992419,0.5714910970622993,0.5737443384458671,0.5760177184650147,0.5762583067544571,0.5765250985601528,0.5772059559210102,0.5784987584327961,0.5797677381140991,0.5826075326191039,0.5855029237100543,0.5868518978206697,0.5849483214384474,0.5855101658116817,0.5856878583105118,0.5867015719908949,0.5881438741052236,0.5884454976465748,0.5866541315671359,0.5855110653661725,0.5853814542949873,0.585750901763221,0.5837183736703331,0.5786912617904659,0.5758400331483685,0.5706322392925803,0.5665998188331076,0.563905675284143,0.5585335884041062,0.5534082087481983,0.5464610113136773,0.5389836723676559,0.5343996814694447,0.5273854043590211,0.5247897152549307,0.521642282380066,0.5184728303845868,0.5139276867388707,0.5119243317822756,0.5115461402377269,0.5098636041586653,0.5093314277795586,0.5110923478144181,0.5123816028484943,0.5149523955254538,0.5171371022910147,0.5167840976028237,0.5178072750766382,0.5172408463855169,0.518585665333439,0.5184628538625783,0.5182442972135631,0.516826645680966,0.5187109965955505,0.5199870447208076,0.5202447154806169,0.5203367688253301
0.5070265287204225,0.5075348102160365,0.50821077401879,0.5075544185510978,0.5087891769079074,0.5091101553845404,0.514581006552563,0.5217018972033209,0.5304072494886404,0.5385426159543312,0.5403934026669538,0.5458018754494288,0.5498085426964477,0.5511270595165554,0.5506457907360699,0.5530581936388913,0.5557470228886332,0.5532479311371695,0.5442371830766768,0.532920985314576,0.5221761020409162,0.5154628126761671,0.5130846759868614,0.512173298160338,0.5115229548363633,0.5108537636076476,0.5103625264037717,0.5101058949780779,0.5086512304805139,0.5083845530419643,0.5095421534018617,0.5138476035055485,0.515079974668198,0.51571196624988,0.5166275489741144,0.5086521044912777,0.4994722541333181,0.4920327754596417,0.4998842049917061,0.5349710736532269,0.5862073930228738,0.6242788570017792,0.6339472051993749,0.6167134235536863,0.5952571525278622,0.5893635814767201,0.5936346179576326,0.6071041501086679,0.6144490823467139,0.6180979185972889,0.6133068597237169,0.607010420592726,0.606697274157225,0.6041271665828943,0.6038405662736704,0.6010723760542573,0.5937957101045507,0.5884220992523252,0.5849023430310798,0.5884229696318151,0.5889580636666063,0.5895180557099181,0.5865171662202627,0.5868040268110581,0.5889536081899073,0.5898405533068695,0.592010506318057,0.5905911321250942,0.5911994241497597,0.5920450491050993,0.5933315980179923,0.5912802037575035,0.5890566442479109,0.587184563854336,0.5851569494648826,0.5815148326118397,0.5779170636337474,0.5722975471780406,0.5670929393304455,0.5640479190896571,0.5597312310490117,0.5564931319145904,0.5484745186587705,0.5386549459961295,0.5318541432518208,0.5255433460080482,0.5200094862485447,0.5172111338729668,0.5128816204742166,0.5107859421156643,0.5076983847774751,0.5057126329424371,0.5071000980783877,0.5044456795099219,0.5062580441007208,0.5052801271108822,0.5055364023844733,0.5067146305938041,0.507373164795848,0.5072692290618308,0.5071775181027733,0.5087147706989231,0.5115776578792863,0.5132194632807217,0.5135200091715209,0.5139884721296941,0.517001044397127,0.519002814430192,0.519060824628523,0.5189502076262229,0.5202401099602643,0.5270343744669843
0.5240364573210072,0.5242661368756384,0.5248537972816327,0.5235189123889858,0.5268479526067876,0.5319295984857345,0.5409874067791868,0.5500675072752179,0.5529716124129369,0.555592076650468,0.5596848185680086,0.5647172156373809,0.5685397453637616,0.5696587183966281,0.5717480277922444,0.5701385163033456,0.56611419978524,0.5568135900362274,0.5469163718515513,0.5393545480379939,0.5342100223870769,0.5321142914884547,0.5279069263738416,0.5232881167227957,0.5205610375724149,0.5202769045266775,0.5203427966645368,0.5195579521934847,0.5201840256531787,0.5204729886306885,0.5211954351865835,0.5222338536439481,0.5226295421034486,0.5226012541639432,0.5211015337148631,0.5162402267990865,0.5048197196803482,0.4960353564663018,0.4939186385536172,0.5177282222648593,0.5611632712877201,0.601289928566781,0.6222400994746384,0.6179134855100645,0.597209397133862,0.5848262395885226,0.5817228710926027,0.5887652048438763,0.6007543736358917,0.6098549027444757,0.6083709796653479,0.5978899134727981,0.5832474052704765,0.5739613526954398,0.568759190920835,0.5657380609890722,0.5646150191252348,0.5665542431271836,0.5696103003045538,0.5726281718818242,0.574220024487882,0.5773629112419827,0.5783604665735783,0.5778011705262563,0.5789539469292873,0.5800416671775693,0.5817915151026694,0.5843531384598081,0.5856205878336147,0.5860690362018364,0.5850100019981261,0.5852449614637867,0.5865321591060851,0.5879117340141059,0.5878459455581365,0.5888297592448186,0.5884339241595765,0.5882296784296475,0.5882628867797467,0.5854258762555136,0.583162973110514,0.5799448572994547,0.5784357312991266,0.5746171424186916,0.5698525780099809,0.5636048334079229,0.5576931963099709,0.5521904907383862,0.545820807551374,0.5413549494890592,0.5386573114360256,0.5356947802325227,0.5324931245475013,0.5302763104145305,0.5270300397477692,0.5244569902376403,0.5236954107876339,0.5229461639605674,0.5223564315626973,0.5221813352897676,0.5231709406571446,0.5239295481514651,0.5247944764215473,0.5252083519037645,0.5255007551567985,0.5255154218727669,0.5236591124170489,0.5250082126241373,0.5255825834418092,0.5262910071452297,0.527524953063635,0.5272616959106059
0.4782313760025816,0.4789134378661461,0.4790581181923224,0.4793763599231318,0.4799811704658991,0.482749136541467,0.4906069719723724,0.5005251711994775,0.5083651246042261,0.5128258725658164,0.5171661005625329,0.521923757182433,0.5253083335431926,0.5265291119444832,0.5277759613716267,0.5272366832765225,0.5214805687792321,0.5118430190026646,0.5035575933812175,0.4978769240750413,0.4947492507607082,0.4937893751357698,0.4926830648889219,0.4901686203704219,0.4888179006396903,0.4890078772840403,0.4890688551868768,0.4901937696704125,0.4897468118871361,0.4902305505961093,0.4883216060341891,0.4877963222368096,0.4884434054738855,0.4915725753699644,0.4936314568172756,0.4924997500160133,0.4869044297678899,0.4821936218474135,0.4864260016650283,0.5156897680961572,0.5655409020184222,0.6129414746804814,0.636795655194869,0.6313885411629163,0.6104665155135165,0.5918343687334751,0.5822359084249722,0.5801554720462169,0.5770287561808983,0.5676198023085949,0.5527261274694505,0.5363318622570044,0.5247036795854593,0.5232313852888499,0.5253544325401088,0.5257671403429989,0.5226481428772887,0.5207761198855777,0.5212733380530435,0.5238250882744809,0.5257100246418811,0.5268571592865158,0.5281123694577214,0.5273366585422723,0.526911228776995,0.5267956088029891,0.5247164301451416,0.5246758579556672,0.5242961909437046,0.5267277226729615,0.527357509716925,0.5278681512544153,0.5275701016941536,0.5251701567718156,0.5222390401441107,0.5207723153397896,0.5200102623048304,0.5184773695276348,0.5168224044282813,0.5146992766911673,0.5126444694475869,0.5083817432185883,0.5039694885030652,0.5005609555201684,0.4979542547564806,0.4977995669288811,0.4976912052022426,0.4995478584687498,0.5006884954085425,0.5012124310870733,0.5027609777157068,0.5030691847153991,0.5047228273278918,0.5078014267032719,0.5094743261815374,0.5074029534436735,0.5028819164313071,0.4995210746538734,0.4957673942616939,0.4924186159032194,0.4864084402694639,0.4808057090112506,0.4730493557843211,0.4633735511083923,0.4545665599097729,0.4467561532112051,0.4404020584857238,0.4359939820832323,0.4315926665174143,0.425028884453796,0.4185580638709432,0.4146812913613025
0.553927965147964,0.5534457850915327,0.5537822085056372,0.5555740138887914,0.5523745772729396,0.5514902860541867,0.5532461096017472,0.5544040211466272,0.5567183564316478,0.5559812825933539,0.5539319818618276,0.5550428387123734,0.5574228835506281,0.5587194480742738,0.5596413289670906,0.5611127928736263,0.5628175775931251,0.5647224302988373,0.5614545698593404,0.5542958529101232,0.5531936308903478,0.5523532516046308,0.5541312790777576,0.5559284258722076,0.5544058599878947,0.55406873519261,0.5544803938829672,0.5562725825797032,0.5575082701672418,0.557938365798011,0.5562621800124941,0.555084751972196,0.5532967075910898,0.5528132017820884,0.5564604327029745,0.5533973652530763,0.5473968138987343,0.5410514465357603,0.5480322544763713,0.5759536871329901,0.6267207908407124,0.6803979708037804,0.7114741030433632,0.7113305877281307,0.6867273135887405,0.6612487343530923,0.6462047300324463,0.6386734648590449,0.636143295753973,0.6271630513182059,0.6119897691797243,0.5974404846040166,0.5889471121000351,0.586482475831675,0.5880747205617349,0.5860238013855846,0.5878905216615488,0.5870286834495227,0.5851411507407643,0.5874842354993145,0.5876244742010854,0.5891050718908953,0.5878420570341478,0.5860226017355784,0.585816854843454,0.5850907584926497,0.5869614752791166,0.5834224465623142,0.5832138013372651,0.5861257086128108,0.5897658488524975,0.5921586957019842,0.5886493953861347,0.587403958112539,0.5894742251680004,0.593294773312757,0.5937499280296173,0.5963083613271865,0.5989552575683128,0.6004241928987649,0.6026254285330925,0.6035065268129248,0.6062275830782867,0.6065312852257285,0.6094751724730182,0.6126786196287748,0.616051968157636,0.6183005876667312,0.6187154077733008,0.6211514786018159,0.6209110487304099,0.6227621637519861,0.6250074852598064,0.6228057050791073,0.6218350632018841,0.6190033362536199,0.6162312960669301,0.6135245913207868,0.6076810999055144,0.6018882456078346,0.5931576200935269,0.5829545530668903,0.5736194737693476,0.5623631302067469,0.5515469744303486,0.5399104581005176,0.5330814300971862,0.5271075962458415,0.5221844731319657,0.5146655341206569,0.5079361428182118,0.5003674272858886
0.5384466184729658,0.5392550788619705,0.5407975400193925,0.546137393065041,0.5533222692079807,0.5610713435551331,0.5664826931050377,0.5699870361849967,0.5759523420504472,0.5795037918564834,0.5825612793450667,0.5852090833223029,0.5867275417342626,0.5853758828992336,0.578867988557704,0.5692914191532499,0.5581801048309669,0.5507466115629456,0.545708100304942,0.5425138875922166,0.5366541555655638,0.531884595553509,0.5276989231236322,0.5269922970903331,0.5266317325359394,0.5275447680075697,0.5279377084305332,0.5263984777919924,0.5254389080526076,0.5257950273553602,0.526125729841919,0.5266213137916096,0.5260333488682563,0.5275035279672523,0.5269505784025965,0.5188618429512061,0.5076517736798474,0.4970530631417479,0.4985170415275259,0.5235793612870473,0.5618178038253547,0.5957845690464065,0.6077333384810649,0.6060016056542064,0.5898876847579486,0.5781593807515792,0.5710154403155436,0.5689426741360682,0.5680759870612506,0.5618090636329728,0.5543942993352946,0.5514914084716621,0.5556262191637046,0.5586081574102676,0.5598756667066705,0.5619671480084265,0.5618083873167582,0.5633709250147305,0.5645945535306275,0.5653478648259678,0.5658880815506805,0.5665010865850554,0.5671038252058987,0.5687917817621553,0.5704888991434798,0.5731625681176787,0.5744112716275912,0.574132638733587,0.5739201037722439,0.5761790450292046,0.5778765925683746,0.5788325129601739,0.5796752566023456,0.5803685579947584,0.5812141854486192,0.5823546445938725,0.5838608386164293,0.5849312613457008,0.5833738732656797,0.5824095834918365,0.5817840022136334,0.5809024226632027,0.5800528569391674,0.5794966527179483,0.5786507327060813,0.5780722989017758,0.5772896871702673,0.5767942645975317,0.5745480718890636,0.5703123029799001,0.5674396704747691,0.5643801056561564,0.5613400956775466,0.5575228051141068,0.5543165778939586,0.5518311099373805,0.5491600316677971,0.5473146541223168,0.5459120682691736,0.5442399804481469,0.5416501608673936,0.540754161847207,0.5395431569794329,0.5397306862069666,0.5402944947880716,0.5406619068167638,0.5398261109221275,0.5370782308899814,0.5369645111503305,0.5377588298866113,0.5389637970362754,0.5399979728927305
0.70933472436466,0.7085884688035641,0.7081586874061798,0.7095754075809354,0.7110796582694884,0.7131634711901025,0.7126180961774236,0.7101720480337225,0.7086879677659388,0.7077214239718452,0.7074628849891124,0.7098943029776772,0.7108162681397484,0.7118419925392142,0.711598593015389,0.711198746741866,0.7125770802378637,0.7127709550976163,0.714166980830708,0.7156484756797676,0.7157724448746943,0.7171219237252873,0.7168656705039802,0.7158704349238209,0.7137431957228721,0.7103165069715042,0.7106542303533434,0.7114003284050927,0.7143722808550836,0.7164437533462803,0.7171550515565315,0.7160847320319371,0.7154129342834696,0.714538479283947,0.7144093143485492,0.7137386315358587,0.708106236146526,0.6988548270041268,0.6926174813017092,0.7005509865568539,0.7398479558017955,0.8047405792095477,0.8553939035879408,0.8517766792959792,0.8014128268832622,0.7334200074680365,0.6923427265499467,0.6873677554100502,0.6952115922530722,0.7056614169387753,0.711942645806176,0.7129157663435465,0.7127322424170863,0.7138110168273887,0.712918508903662,0.7145025431260202,0.7152351009225297,0.7168210746602278,0.718550506252548,0.7181648805348873,0.7174619313285335,0.7188100944753053,0.7205266813606139,0.7225545873346209,0.7234768513122654,0.7240018029206661,0.724336271319137,0.7252527356573232,0.7260520278004297,0.7275296168134004,0.7304799835638334,0.7311438901907501,0.7318753685165047,0.733216076989112,0.7355984447135969,0.7403269510977138,0.7443731807474919,0.7512657939702185,0.758039272315971,0.7645332835676883,0.7710319865205567,0.7744860546153604,0.7779423265297691,0.7801423474692185,0.778780185039844,0.7774832007774733,0.7772449929449562,0.7788460455817987,0.7821902939505202,0.7835678205375867,0.7811014874865585,0.775080918811947,0.7648542483786663,0.7523340044249421,0.7419462529146934,0.7340455370465045,0.7261765304509731,0.7220720335883059,0.7175230631940454,0.7151271076339584,0.7143905328188113,0.7130719915115645,0.7139822089086609,0.7132843511124364,0.7136811273911303,0.7134266208355097,0.7145887231947942,0.7156035770890005,0.7164450589339139,0.7143054545685215,0.712489376963778,0.7147015193965323
0.7175975894574166,0.7182699224953526,0.7193050933431673,0.7186336653905561,0.7175058582208038,0.7156474864330361,0.7168804927080814,0.7172495421459746,0.7182211235208896,0.7174236362895957,0.7160351261697889,0.7166027886921271,0.7160591247066668,0.7169709244434374,0.716761295751327,0.7180840717977649,0.718498221381067,0.7184571921892982,0.7171318803235369,0.7169689232690244,0.7179457822475424,0.7194454816738417,0.7202583594932587,0.7195529455574848,0.7204141855729138,0.7202154713194208,0.720016267909502,0.7195880356888826,0.7194007422483292,0.7200819666664618,0.7221415671489176,0.7225242658364334,0.7230159385527196,0.7207735382644215,0.7193554342491131,0.7155612321286037,0.706186397825103,0.6936106939210551,0.6866076096171109,0.7033565405951124,0.7477269282920274,0.8035441392420736,0.8251236372625046,0.7991162484538121,0.7507266562364778,0.708463029006657,0.7001647634766667,0.7054080183164579,0.7105867033690294,0.7154151391432497,0.7165887049270969,0.7178352581090299,0.7159834035506423,0.7148609683823755,0.7157250225266705,0.7172967389964959,0.7189337034494167,0.7199257870626332,0.7193554403232051,0.7195221433095649,0.7204537100088821,0.720642434265854,0.7223428378654535,0.7247126840976098,0.726672928884445,0.7279289403674131,0.7268756598677818,0.7255485323048168,0.7246269463748938,0.724895090638065,0.7256131149635072,0.7272498949939036,0.7279017757737378,0.7271442135481868,0.7266990550518525,0.7278677457568671,0.7309380891603479,0.7347946887171253,0.7383593478973763,0.7418136081494262,0.7451762245456808,0.748916198044268,0.7512095907444399,0.7545812853973481,0.7582760465986158,0.7606268839852358,0.7626545479701784,0.7623734118313082,0.7643436957933027,0.7671686246521472,0.7713454337188822,0.7729642499318199,0.7682599346210865,0.7595955132568828,0.7476040523207031,0.7374452149598218,0.730533778652832,0.7246350231879324,0.7216606580644667,0.7196246171010954,0.7175066762575462,0.7152815736560775,0.7116114090867188,0.7103939479426685,0.7111070236336576,0.7117044032894847,0.7125302280556222,0.7125651525096742,0.7126361007569822,0.713008859740509,0.7151465072914427,0.7160758503040111
0.5365029558290307,0.5375277493033023,0.5436813821570404,0.550366062935537,0.5587878095812062,0.564234569604984,0.5667140718454023,0.5695786035516686,0.5730658298343376,0.5766665895081405,0.5789274855170556,0.5796663988042215,0.5772639113620073,0.5704659574390851,0.559846305604278,0.5461536662720495,0.5397870788293094,0.537960782346231,0.5346789690185934,0.5307953559390799,0.5246903842746864,0.5201038282926876,0.518473391707003,0.5180093334500474,0.5193611483332975,0.5197711754203304,0.5179926663055712,0.5171549561409038,0.517320734405858,0.5174283196575512,0.5177134789523106,0.5183808911999443,0.5160706394393818,0.5117958413791256,0.5030438285162291,0.4905207091662609,0.4791430199625355,0.4774877504473599,0.4995121850055393,0.5376540491314995,0.5729107981556573,0.5891532372557884,0.5900855903361543,0.5725401055704826,0.5577466639171994,0.5500715197792907,0.5449448001046275,0.5435228613810514,0.5390169472509639,0.5322858863572828,0.5346930634068136,0.5388060687819133,0.5433375032835329,0.5448362961410018,0.5438516449712529,0.5440616983293725,0.5437681520333715,0.5432658346374822,0.5423824596031509,0.5438764263385938,0.5455551113322475,0.5465357634577691,0.5462847629426617,0.5476401911219846,0.5502422588598511,0.5509750554369466,0.5513749468240265,0.5516446408540528,0.553079927926295,0.5533873199895399,0.5543009152350843,0.5547313306387096,0.5559534981810561,0.5555144840788733,0.5573430851294242,0.5578688556345803,0.5582824546928077,0.5602902703990374,0.5598704333635558,0.5611525214191495,0.5594144509367955,0.557061628629218,0.5558268179324584,0.5523507952645509,0.5534136860718337,0.5538864311633965,0.5524128108971939,0.5484653579733119,0.5439668017451912,0.5411522010639327,0.5377467662288139,0.5347170667460538,0.5344227142352687,0.5329757880313811,0.5331150273833863,0.5312845491203679,0.5297506523474438,0.5285813272104078,0.5259477756330067,0.5271302369437704,0.5284227223362897,0.5289865183229121,0.5289125641018124,0.5278339763341954,0.5268861441299204,0.5268822228906713,0.5277191005729676,0.5282061059902973,0.5279358270404301,0.5264371943196169,0.527776816360756,0.5286749554608364
0.7073545283348867,0.7102664442263665,0.7124312933379285,0.7112814091100671,0.7106593345401477,0.7098196698674195,0.7099728763923655,0.7107725092112105,0.7107952962026866,0.710328524096408,0.7089548678087889,0.7086137977586663,0.7091397755739971,0.7083156500085857,0.7091043774678563,0.7093034763474373,0.7095343424304756,0.7109693630118742,0.7101818019941039,0.712032745625205,0.7123599649891565,0.7152511606151669,0.7156539337765555,0.7148948484593397,0.7130695526594775,0.7125358514827765,0.7130635398162405,0.7148197734171323,0.7153905684315269,0.7140412619817458,0.715371708782671,0.7174065463503634,0.7194480399112088,0.7199277629414099,0.7193649100972128,0.7158776404493217,0.7092184234645016,0.7039336550030691,0.7079177688781132,0.7429030935689338,0.8024178483222988,0.8639223651312963,0.8762200811289906,0.8323783084786146,0.7636919012145106,0.7088830526255258,0.6961806076763691,0.703798005573246,0.7158187242002776,0.7244520346333941,0.7271160548418196,0.7270693165490096,0.7271620462696607,0.7269824443814495,0.7279796145907848,0.7297116714683418,0.7336318583704738,0.7374817364327778,0.7396590784111383,0.7404383285773314,0.7418413497099793,0.7425176720700124,0.743349315471759,0.7433341795949157,0.742822601135766,0.7430114206549859,0.7414791482636055,0.7400289625364503,0.7407575410458603,0.7418974683938258,0.7441544194178951,0.7464445161590729,0.7479909212689249,0.7482527298411742,0.7493294290477919,0.755096286376632,0.7629482904666743,0.7704460860772858,0.7746732232513456,0.7762812937097545,0.7788355211344805,0.7809236336205291,0.7821120404426439,0.781825889479409,0.7823932801058808,0.7832921168840288,0.7843348937492528,0.7829103644953992,0.7772021613132937,0.7667561952461398,0.7548311169176254,0.7426656987617624,0.7342470964478489,0.7274459416379515,0.7220069120860608,0.7175012568271745,0.7125630293870684,0.7093149288457486,0.7053058240062757,0.7040330781385622,0.7020268678185747,0.7022751132948087,0.7029888553018578,0.7033973289549077,0.7039365557909478,0.70216745078622,0.7011324492932814,0.7013395824529852,0.7023954160812396,0.7041375518918309,0.704432612576714,0.703996248347835
0.7073545283348867,0.7102664442263665,0.7124312933379285,0.7112814091100671,0.7106593345401477,0.7098196698674195,0.7099728763923655,0.7107725092112105,0.7107952962026866,0.710328524096408,0.7089548678087889,0.7086137977586663,0.7091397755739971,0.7083156500085857,0.7091043774678563,0.7093034763474373,0.7095343424304756,0.7109693630118742,0.7101818019941039,0.712032745625205,0.7123599649891565,0.7152511606151669,0.7156539337765555,0.7148948484593397,0.7130695526594775,0.7125358514827765,0.7130635398162405,0.7148197734171323,0.7153905684315269,0.7140412619817458,0.715371708782671,0.7174065463503634,0.7194480399112088,0.7199277629414099,0.7193649100972128,0.7158776404493217,0.7092184234645016,0.7039336550030691,0.7079177688781132,0.7429030935689338,0.8024178483222988,0.8639223651312963,0.8762200811289906,0.8323783084786146,0.7636919012145106,0.7088830526255258,0.6961806076763691,0.703798005573246,0.7158187242002776,0.7244520346333941,0.7271160548418196,0.7270693165490096,0.7271620462696607,0.7269824443814495,0.7279796145907848,0.7297116714683418,0.7336318583704738,0.7374817364327778,0.7396590784111383,0.7404383285773314,0.7418413497099793,0.7425176720700124,0.743349315471759,0.7433341795949157,0.742822601135766,0.7430114206549859,0.7414791482636055,0.7400289625364503,0.7407575410458603,0.7418974683938258,0.7441544194178951,0.7464445161590729,0.7479909212689249,0.7482527298411742,0.7493294290477919,0.755096286376632,0.7629482904666743,0.7704460860772858,0.7746732232513456,0.7762812937097545,0.7788355211344805,0.7809236336205291,0.7821120404426439,0.781825889479409,0.7823932801058808,0.7832921168840288,0.7843348937492528,0.7829103644953992,0.7772021613132937,0.7667561952461398,0.7548311169176254,0.7426656987617624,0.7342470964478489,0.7274459416379515,0.7220069120860608,0.7175012568271745,0.7125630293870684,0.7093149288457486,0.7053058240062757,0.7040330781385622,0.7020268678185747,0.7022751132948087,0.7029888553018578,0.7033973289549077,0.7039365557909478,0.70216745078622,0.7011324492932814,0.7013395824529852,0.7023954160812396,0.7041375518918309,0.704432612576714,0.703996248347835
0.7175253662257647,0.7192931439082798,0.717826830424279,0.7170161713750628,0.7147010390953425,0.7130962193321148,0.7157450360424504,0.7169406149736023,0.718828609862411,0.7212781293725185,0.7219264799159382,0.7245044525453386,0.7276572098985348,0.7264403087415482,0.7260791111247271,0.7222864555536223,0.7224731525790432,0.7227523016398173,0.7208538052291398,0.7185169544865753,0.7176143404060623,0.7178691935854176,0.7192576740693295,0.7191358032858066,0.7178943414655445,0.7160035111485092,0.7159651640494451,0.7185044145648608,0.7214556491080382,0.723648376812732,0.7228944340924092,0.7229537176619101,0.7262440930502576,0.7228483736544071,0.722729691773416,0.7177383479848469,0.7115182846567494,0.7056317673896491,0.6991604158517946,0.7037653147347485,0.7309455823683297,0.7727067808346757,0.8113607010739358,0.8108940523812196,0.7713089212091391,0.7213478871974126,0.6865502004694969,0.6863652578724309,0.6960975506167518,0.7067851280510548,0.7109337399533631,0.7141262838676206,0.7156113177109676,0.7171602178680425,0.719918273490071,0.7204386221463432,0.7218026974344302,0.7231959161527943,0.7241865170956753,0.7243796764930953,0.7239759191938134,0.7258524885895604,0.7295371038048692,0.7309785278299411,0.7277994786433821,0.7241609057372173,0.7235848260895771,0.7275953474725482,0.7261153501577192,0.7244449273315606,0.7186948363088396,0.7194391784904447,0.7227329214305168,0.7210369410599445,0.7204979051274663,0.7169923677542769,0.7177347146689244,0.7194749416127323,0.72176690702129,0.724007410732465,0.7298757998096965,0.7383372920487108,0.7440564584889309,0.7510201912317744,0.7558260124893484,0.7605142975194525,0.7627135622538506,0.7632699898324592,0.763608857519289,0.7651495967203374,0.7684121215197908,0.7684620467251799,0.7696466404032289,0.7670658696229687,0.7583872574089244,0.7471050089126753,0.7362562349517997,0.72779782730676,0.7231572893681334,0.7169662482516547,0.7114113693292358,0.7094201194449897,0.710579693273308,0.710934564617306,0.712203078957399,0.7136226766288051,0.7111493828042629,0.7127866920833483,0.7136456059418478,0.7156597996388245,0.718744575911934,0.7143997878374108
0.7176812569747947,0.7183531579845229,0.719737748390057,0.7216423335210148,0.7218042223309868,0.7219509688040715,0.721629765627111,0.7240781753407152,0.7268006578865118,0.727782686047064,0.7288058689570261,0.7292685529823165,0.7305185467520393,0.7311948444408183,0.7299278288023389,0.7299198098719671,0.7293984598630578,0.7317708441100725,0.7324367628707883,0.7319052888756907,0.7316257666703077,0.7300325207967072,0.7302378477165434,0.7294923392479369,0.7286645179169751,0.7301615917819916,0.7297460912463885,0.7309180311149682,0.7307196240258327,0.7300665497882145,0.732376171379866,0.732039364865616,0.7319857406732827,0.7310126176031185,0.7292253539684564,0.7277841754978076,0.7215154732444322,0.7127317001465452,0.7073785757597306,0.7227777056182526,0.7580567376041549,0.8092563751719695,0.8367634447069027,0.8111840923727156,0.7657224574520645,0.7165448220506575,0.7023094043308479,0.710833156361618,0.716773802936769,0.7191441292714169,0.7201047193136421,0.7210094820086935,0.721841531726936,0.7240088410530555,0.7238471826138574,0.7251301275069942,0.7289097124450662,0.7313254142382551,0.7371248922892863,0.7446084208620405,0.7501427691595334,0.7567350039917907,0.7593567635825054,0.7624088893529276,0.7651980457795907,0.7662961148740365,0.7668765689878259,0.767147062609594,0.7666044220536158,0.7665752133117782,0.76833163798625,0.7653993511779987,0.7571846019433235,0.7435278303354029,0.7317570536453186,0.7220431701610356,0.7182823870277079,0.7155226966594971,0.712916409261159,0.7136136643169038,0.7113764386759684,0.7090996397099911,0.708551746594443,0.7068949631231775,0.7057155578112193,0.7038797742468058,0.7003585338379524,0.7004082964174362,0.7001488532222622,0.6990453888913052,0.6949593418794251,0.6904493097552559,0.6877183277686242,0.6883516404050263,0.6895526014789317,0.6914612757429008,0.6921126357385537,0.6911921842005018,0.693084369827109,0.6947559693216687,0.6996204613350122,0.7007988815783452,0.7013578392659395,0.7011684210649434,0.7005581737467065,0.7017353114382343,0.7013900579284347,0.7020707324305254,0.702247135117247,0.7008032651278719,0.6999600119354672,0.6991074374783529
0.5746132177173423,0.5720905120434917,0.5729642735051858,0.5727812267039337,0.5732806881635679,0.5741205829250579,0.5745146331140825,0.576675698799714,0.5786975299956382,0.5826592492145868,0.5854494610479225,0.5865582407424115,0.585370810404519,0.5845294037279978,0.5855575143714262,0.5895543544925465,0.5913380162950491,0.5907379667149796,0.5886813384361126,0.5862520578177578,0.5861841980887591,0.5863994997093385,0.5853096819742959,0.5843752816917615,0.5820273361188448,0.5797448063917534,0.5782106125628154,0.5772824952911842,0.5768588472579519,0.5755789118137072,0.5733686146282286,0.571065846598928,0.5689130579490784,0.5659098849440091,0.5635290880328703,0.560003919836578,0.5523620163210057,0.5446718817461603,0.543951341020471,0.5638810840761882,0.6057577984735908,0.6483396641782634,0.6502999905481222,0.6155823769091155,0.5656151130633646,0.5307437899816805,0.5280654171542488,0.5328828237066064,0.5373127525644698,0.5381780698232256,0.5384543201909469,0.5403209488282859,0.545304592534459,0.5500018556610385,0.5552611044755236,0.5587154514487497,0.5635207585642423,0.5700669691724711,0.5746790435006999,0.5815661060503956,0.5871421015881322,0.5901030298588054,0.5941530953875985,0.5957969843731534,0.5981675768217762,0.6009867888217947,0.6009513167849698,0.6004081489684797,0.5983574779340102,0.5931558236163014,0.5879831543931474,0.5829192707588681,0.5791909325738589,0.5769170890862627,0.5745985900042512,0.5737826884863276,0.57455585161797,0.5745723713667956,0.5740030997168912,0.5738201569278645,0.5724982473678366,0.5719125678154293,0.5689468468000791,0.565330626220235,0.5635893925032672,0.5625893720232038,0.5596722586527713,0.555236459918491,0.5518471747295851,0.5500163422949131,0.5503561212916627,0.5492317925611537,0.5484153526925288,0.5488206731177288,0.5516571659125983,0.552983681783721,0.5514732323221455,0.5502996828335076,0.5493777389130414,0.551073320325918,0.5539357975239768,0.555911870243032,0.5577037988444206,0.5588980593765993,0.5592686135558856,0.5581608661542846,0.5566588008199239,0.5565666227783594,0.555777494635373,0.5566694060061275,0.554862881677869,0.553431875631394
0.5699574236857663,0.5644644802007959,0.5633780360801314,0.5626409414780575,0.5626340501793962,0.5612319909214037,0.5602472977439308,0.5607570092804119,0.5622056179462882,0.5652065588988482,0.5673172286172445,0.5681778005489376,0.5656511888956806,0.5656895927529865,0.5674434345566295,0.5708545626135283,0.5720928311265925,0.569882390625299,0.5706365550932716,0.5705611466025854,0.5706099217940678,0.5716429502036003,0.573469246134489,0.5750675042714419,0.5764562924153634,0.5742997762954319,0.5720049395932624,0.5711454846152804,0.5716035004184147,0.572425584338731,0.5735340977926368,0.5754664949249527,0.5750963119763438,0.5765077020233598,0.5776124473604991,0.5754343513014795,0.5707562774747528,0.560163384048069,0.5493514792286479,0.5553177092327355,0.5797958603635024,0.6163631084311857,0.6355777610180571,0.6178866082544023,0.5893702034878678,0.5607515339982939,0.5540420187003766,0.5587171211379839,0.5607796242711901,0.5647409056166266,0.5658292931355143,0.5664963106002209,0.5656932412045648,0.5645850356572774,0.5630718453126344,0.5639067028551317,0.5665796115177573,0.5727953803909283,0.579430000057824,0.5842069488052096,0.5852864575929043,0.5864581261316092,0.5876885210952877,0.5905928227293816,0.5932499176885223,0.5943244807731604,0.5973992446507601,0.6014993108508436,0.605532798329387,0.6068443087379821,0.602870997703386,0.5969281373819635,0.5897118505820106,0.5856996082266311,0.5816283586667861,0.5810452189591789,0.582584184227646,0.5829013878833648,0.5861344861208393,0.5861626680961243,0.5844815548682966,0.5858060151265404,0.5863476680796559,0.5867923345040575,0.5851824920450724,0.5788205358236916,0.5711381445902597,0.5667220906476093,0.56074226789924,0.5569128970344983,0.5541581020517323,0.5516294032732748,0.5485776969836605,0.545722607185856,0.5446277601699159,0.544486009974712,0.543810214677639,0.5427443786615914,0.5431948516724439,0.5440025767315093,0.5453753383266647,0.5460503184767326,0.5466894109119916,0.5498979443853198,0.5492986915106446,0.548375830966517,0.5471059164903378,0.5464920409380506,0.5467628690972371,0.5456592968011158,0.5451077629228094,0.5470661917204329
0.576469699353891,0.5736250528481489,0.5720248537744441,0.5668982636345578,0.5652887026369489,0.5634332524535927,0.5624442093134472,0.5619945829098265,0.5596875582160971,0.5614766697933922,0.5632668432915554,0.5637498384323859,0.5646521402158825,0.5668166316366557,0.5700985916228517,0.5735968785726894,0.5709100407877368,0.5679751266870007,0.5669368251993809,0.5672586168835199,0.570640328659387,0.5729705792346423,0.5716419943863607,0.5719463314705598,0.5694488027403277,0.5675635848585365,0.5692926607043638,0.5698812662950307,0.574025420052997,0.5742064630804717,0.5735744757837765,0.568189551203004,0.567794657156836,0.5689056313708033,0.5689438891227006,0.568707121430169,0.5576924950612433,0.5531963940914193,0.5469414354237805,0.5520947206109504,0.5699470834946431,0.594988988813708,0.6127330392312985,0.6012057286345966,0.5743989608969877,0.5504001931272521,0.5438538767404436,0.5551260795448031,0.5642423196671932,0.5685524740843161,0.5717820307293233,0.5743589030764994,0.5797550172976007,0.5827932483327237,0.5839340939460529,0.5888843734786315,0.5944861907616964,0.5993268996405361,0.5997303986327864,0.5983699325011629,0.5997549274554663,0.6036251055317798,0.6060915690634184,0.6041182185432267,0.6009129134418053,0.5953745273632515,0.5880121082484056,0.5787803458141341,0.5734503884779729,0.5697140338246347,0.5712442170431549,0.5748439687032777,0.5774540017453681,0.5806539218167216,0.5819359700504296,0.5849833604465586,0.5874275067013899,0.5910512334934621,0.5917580323677448,0.5914228423374206,0.5898181600214799,0.588227248511412,0.5885375913072882,0.5853878226666092,0.5829340334107299,0.5760401559829675,0.5702244005136256,0.563704288647222,0.561534619976744,0.558878626573627,0.5600199751500493,0.5604751018732386,0.5620579517161641,0.5633138257322028,0.5613585492736657,0.5620252528678302,0.5588655258533184,0.5614165523177989,0.5619727136415681,0.5605530824320152,0.5634072106797472,0.5618370839294248,0.5608492062243018,0.5631650736336957,0.5644704325923887,0.5679146898397947,0.5688074995967132,0.5647115819685161,0.5627494416205225,0.563210926278377,0.560008679702927,0.5641564629682544
0.5732579411309162,0.570053766058639,0.5689305135993398,0.5668085434201932,0.5654673139633357,0.5634060652433908,0.5643191192302359,0.5663745644428029,0.5687214573600169,0.570629639377166,0.5716494287450129,0.5717687144240762,0.5720845241331121,0.5705166265603787,0.5704940234595859,0.5715933536559461,0.5720189174505499,0.5741923144008788,0.575026586748166,0.5770233119354211,0.5762162112228749,0.5728769268359988,0.5727256616391492,0.5742451259373668,0.5773268270357399,0.5762597644729035,0.5738437202928446,0.5712493641540564,0.570765966049204,0.5725690458469843,0.5722989735590358,0.5714467333150007,0.5727298232554037,0.5730400836114087,0.5749144507678348,0.5707001981653376,0.5594877825282807,0.5491282301529367,0.5461077670680786,0.5639783982456694,0.6013344628225401,0.6435789621987119,0.6566920394736692,0.6325867478164723,0.5925184077022785,0.5592142604435693,0.5531598937803707,0.557364680710735,0.5598846139295027,0.5644704337206976,0.5689142193707578,0.5711161802491038,0.5745376478242161,0.5776644154822098,0.5837861980662133,0.5905978278174102,0.5916670765392338,0.5942017351688962,0.5952675675042287,0.5955533141103608,0.5959824986379277,0.5961210997188725,0.5998088745539726,0.6021839186059907,0.6033094606102841,0.6004087078524282,0.590930889671247,0.5820519420630882,0.5721543803176663,0.5681368774114716,0.5698251146586858,0.5680672612213755,0.5682840589928804,0.5667851775529904,0.5672819572948962,0.5695098477360336,0.5733530279998356,0.576818682699497,0.5788936591685896,0.5787473492206276,0.5798148279077112,0.5793886792077009,0.5799458251383445,0.5795524170038937,0.5783546544606064,0.5785421294233132,0.5747657757857845,0.5704526304434953,0.5665071522814468,0.5617919327127279,0.561147421283252,0.5599570163734738,0.5588420472170808,0.5585167577463002,0.5569629699012968,0.5561767271136161,0.5575477838734672,0.5574576895288604,0.5567996250700205,0.5587609914811872,0.5597597835869588,0.5628548510512733,0.5659356678442948,0.5661806283750934,0.5656001196519777,0.5640112356557487,0.5644396208278474,0.5633557389953817,0.5640239086814283,0.5623323956298967,0.5620054857806969,0.5633604819775491
0.5604854025124436,0.5600292265129985,0.5597993086642378,0.5590336515551094,0.5585603159138163,0.5589340133320362,0.5609602600977319,0.563602529689916,0.5651619571063198,0.5668474081841841,0.5669867507572703,0.5676454072961499,0.568914628088564,0.5712659183429715,0.5732984151412018,0.5752650235294934,0.5762256751482419,0.5770056595208406,0.5776425919936654,0.5778424596212616,0.5776686301855553,0.5779808064599563,0.5785624844898256,0.5786442392438672,0.5792378671925504,0.5784930136872111,0.5779205434777145,0.5782762148398053,0.5778851557646635,0.5779931056075167,0.5782707722609836,0.5783909589697502,0.5788062436444869,0.5786126629838261,0.5790346169371486,0.5799784866765879,0.5791083729500305,0.5720710322239286,0.5654053336839491,0.5662586392454582,0.5857790623490534,0.6175645832475544,0.6422864926497284,0.6316380401837672,0.6053136060251519,0.5761013860663056,0.5652941292999875,0.5711884760123462,0.5735490737261254,0.5755605089228027,0.5766868118760471,0.5777426868595537,0.5772612680781833,0.5765077603604482,0.575829652432202,0.5776427314459758,0.5804559625954278,0.5838669156188236,0.5869549306975123,0.5890867904866649,0.5907492532651785,0.591546467247931,0.5930911405900094,0.5954494990644322,0.5994897562767244,0.6025996531030758,0.6024680122063194,0.6023991782241155,0.6024355371419498,0.6038997702013933,0.6073894419965516,0.609724530350821,0.6115409279403543,0.608116599425442,0.6008166199666302,0.5958243715228922,0.5912855579728292,0.5896347312812305,0.5874229920441081,0.5849699044804108,0.5843981079035249,0.5831153733351231,0.5801219892857833,0.5780908204561392,0.5744805737754005,0.5697535123914407,0.5646524383181262,0.558483194161382,0.5552803120877586,0.5521973675842067,0.5479600601595481,0.5461540327782854,0.5438188311960271,0.542804952772206,0.5420492920006792,0.5410747893679281,0.5407271943717283,0.5403802574374363,0.539363614997896,0.5400927160295439,0.5404050248732811,0.5417490501241689,0.5429617620741322,0.5425679497470386,0.5438138897466649,0.5432294734836292,0.5424982594513728,0.5424760393257024,0.5419103777325374,0.5428564729076915,0.5424449538958029,0.5419477911899659
0.5566458524179476,0.5530470120134061,0.5485870581778212,0.5460234759043598,0.5512081895783557,0.5563263999274916,0.5599219752276361,0.5620621460146125,0.5643640265483363,0.5660318722282752,0.5682773262573592,0.5684271296955075,0.5637321535457726,0.5653195954724769,0.5650474594181243,0.5675970196292933,0.57247638523517,0.5743251792298045,0.5760114994564455,0.577323860486052,0.578099325489439,0.5819007442732562,0.585020417911637,0.5862270589942964,0.5857081684823051,0.5863475314398022,0.5868879049102628,0.5895551092802954,0.5896329201159349,0.5919162793002918,0.5954985476559735,0.5995306050853195,0.6006446880193947,0.596514101756173,0.6001226441459852,0.6006157501136783,0.6046022116609624,0.6025352646674762,0.5904652120050008,0.589918158176448,0.5980577816799215,0.6252795911457002,0.6500527598470098,0.6405698813116232,0.6090427112718179,0.5731488480687161,0.5556785689106055,0.5677263643730256,0.5828861105971627,0.5935271646232239,0.6014751427263005,0.606084052422211,0.6084394866127975,0.6156401367025502,0.6127504579884365,0.6085802945086792,0.6087344934055116,0.6095623182956386,0.6233469288389683,0.6311578901842795,0.6356821372255184,0.6373941206658653,0.6340577051580149,0.634811258277911,0.636464302509236,0.6323756955165701,0.6330004305329475,0.6358022702286693,0.638394196710508,0.6420297251838951,0.6399997198731472,0.6352322529292516,0.6294654055674253,0.6256047022613339,0.617513259041867,0.6194238422231241,0.6189364257946102,0.6219846747469249,0.6214155262927857,0.6204182854596915,0.6181796931480316,0.6193113815887842,0.6185844060527507,0.6178116024846232,0.6081891193706961,0.5978206772676673,0.5872833754916632,0.5812096035687937,0.580814834888275,0.5792024267472953,0.5780053076551439,0.5740807870815656,0.5640228543493634,0.5613169136212501,0.5555222279217193,0.5637183730679775,0.56975264264069,0.5624366202605539,0.5626993314980046,0.549746699012553,0.549973630917437,0.5519365809477103,0.5477492170219082,0.5514379473678733,0.5494610388073904,0.545537159942321,0.5425689074026597,0.5372428898138429,0.5384567772387789,0.5349882772085189,0.5393867077744491,0.5419436749034632
0.5688370075382824,0.5658170622544707,0.5628698738837993,0.5602713736597427,0.5585272261353483,0.5574333489745514,0.5595328030740262,0.5598730968168908,0.5600515742713793,0.5613904787113771,0.5609096138683285,0.5624032751259755,0.563804127217403,0.5641013444255113,0.5653907905077549,0.5664785991812413,0.5665922901980571,0.5672844697025813,0.5676965431571636,0.5683294704837508,0.5701097367869813,0.5717872322688088,0.5716808955185003,0.5726983014104545,0.571601021668028,0.5717374323902423,0.5713318118506664,0.5709153363586056,0.5712919001266373,0.5709533223226582,0.570610350547571,0.5690031596737277,0.5671473739467194,0.5658925593752883,0.5657098045340276,0.5664073285882193,0.5644391423295553,0.5572726720966024,0.548112011013474,0.5480184453729294,0.5639992369389408,0.5921194538768401,0.614346703115521,0.6037399456422387,0.5773342580143949,0.5500111018686807,0.540639498833016,0.550281920849992,0.5582092145300868,0.5646741066943256,0.5687457840009426,0.5725785931710308,0.5753021160039725,0.5784447370168799,0.5828211467431655,0.5877134912689643,0.5909462008679409,0.5924712883241976,0.5942217310204924,0.5980002923541956,0.601773040112505,0.6038604645694402,0.6042480251719566,0.6050696905091186,0.6069037513631622,0.6085762875340699,0.6092531213718705,0.6056518261379767,0.5974148387606646,0.5900596866267146,0.5834860894018093,0.5804286232975426,0.5782711757245048,0.5764045277013329,0.57513358145084,0.5773926389634477,0.5801377253734535,0.5830043183875672,0.5861737864537501,0.5859673964401129,0.5854403861373664,0.5860315992918311,0.5870363961661603,0.5882029754820701,0.58789363179842,0.5844298175414732,0.5807525660036101,0.5759088991336253,0.5718123830680993,0.56807377874882,0.5660318476716241,0.5641819440039243,0.5626928671401591,0.5614026724521984,0.562138948674186,0.5638680682185427,0.5662599060256174,0.5680500081867,0.5681133644487929,0.5690492346975647,0.569258176320533,0.5712037622710756,0.572707690071522,0.5749551404037214,0.5762535201921691,0.5761985470674169,0.5772279697702929,0.5783791522333098,0.5804173761587409,0.5809629984016713,0.5802377914231879,0.5802976279115357
0.4795152874435491,0.4794591294414655,0.4794810946594692,0.479430779691997,0.4794432354458271,0.4795574621168524,0.4799450585845818,0.4805780725895018,0.4824173982229472,0.4855988133257634,0.4895655185071194,0.4928624018572866,0.4955593284518974,0.4985260436948903,0.5021557413178471,0.5066100242309369,0.5091633125275499,0.5101329969511084,0.5096087538284702,0.5070984129571438,0.5042458489855435,0.5000625292136957,0.4946267399551617,0.4903269809256902,0.4860032691288192,0.4821035327712993,0.4789074049756142,0.4752646839352964,0.472899237570521,0.4712327540465289,0.4700951846347284,0.4691314701085166,0.4690545720146635,0.4691554520860659,0.469829255778689,0.4704799733046157,0.473434801894498,0.4805594342516088,0.4918114198494743,0.507713765694308,0.5312705332818248,0.5554813242562541,0.5688259288227748,0.5619620220360452,0.536609485650308,0.5165368456002548,0.5270046730777073,0.5466807702730704,0.5564860498536182,0.5443251961928008,0.5187246325757522,0.5035415108193725,0.4947290402985708,0.4793926458613644,0.4556461515130591,0.4335658124763925,0.4169537072845449,0.4103228737831187,0.4105060463832295,0.4143697805069912,0.4219081727456124,0.4304754426340721,0.4382143713770869,0.4449429175540186,0.4499406797956157,0.4530177255682828,0.45388451144529,0.4541592403707692,0.4542738289947652,0.4552995224175365,0.4562086338135921,0.4571440066790743,0.457089896191933,0.4569811821707091,0.4567654441010699,0.4568191563327192,0.4569765687179475,0.4575557699353071,0.4584434190374488,0.4594463596244738,0.4601731138671258,0.4608440751976305,0.4614705450292481,0.4622355303447454,0.4634454749135491,0.4646436560542014,0.4665777743219693,0.46887928761812,0.4713339722655209,0.473963603828225,0.4772026784860237,0.4803973252904803,0.4841270673404413,0.4879510984206856,0.4917443368842131,0.4961487971467181,0.5000782762249998,0.5035242935194099,0.5071073913322767,0.5106804411923818,0.5144225703313982,0.5175441934043699,0.5191674573934282,0.5197115730376802,0.5186779944139155,0.5165912314426614,0.514017967772654,0.5107092519965968,0.5065828063421015,0.5015757839852287,0.4960060431837745,0.4913126450362303
0.4708603548470811,0.4698093502995649,0.4692066625150293,0.4696164798530796,0.4736008817857687,0.4749374549370186,0.4797128827248477,0.4847464053900548,0.4935159234249483,0.5013905707212081,0.5052371992385565,0.5087150550318184,0.507092126350837,0.5069389273916663,0.5043513157857695,0.5029436091022113,0.5043858731584416,0.5040494330982083,0.5016007350186714,0.4959337287474858,0.4868472819920139,0.4820897584255348,0.4769167508455621,0.4748598876935153,0.4729245984687092,0.4716963443792584,0.4693479686467264,0.467336650842644,0.4674998282766677,0.4686247584596231,0.4703185310735739,0.4736860284441123,0.4819441514310877,0.4944070759512829,0.5138968693298619,0.539572973647373,0.565126038736445,0.578545296846178,0.5732767991031944,0.5575766841333468,0.5561278574527039,0.5814282565259441,0.5955926797655142,0.5912479629854105,0.5613072836326851,0.5276182746904838,0.5078807152429163,0.4885860581503632,0.4617153096194742,0.433411752510893,0.4092197652991305,0.3947534567968996,0.3924820281460652,0.3990845912559711,0.4113172683330123,0.4255240700878886,0.4366167736158228,0.4423043669635238,0.4448603594272332,0.4443293702391088,0.4460323051938306,0.4481306985631803,0.4502848361047722,0.45135897433391,0.4513286279089466,0.4517222305710009,0.4513702029575029,0.4515463515261899,0.4510484394193716,0.451057793212164,0.4513193158086123,0.4508617806502817,0.4526231870824025,0.4551147833547418,0.4574526145696457,0.457597841847099,0.4555898092115585,0.4562337075200188,0.4605658585708149,0.4672808662415214,0.472565624028184,0.4756372285988824,0.4789647576022471,0.4828233663983153,0.4880966879735837,0.4943006406152611,0.5006804697835753,0.5082430626775936,0.5152154339109667,0.5210531214283034,0.5248101961613637,0.5265870720893292,0.526242688766073,0.5258081486812172,0.5244759014826244,0.5227694363493547,0.519474525411202,0.5151939035967464,0.5099790147146605,0.5042995361239483,0.4987048109009968,0.4919686250499523,0.484364987350794,0.478684913654015,0.473549705917977,0.4710983695190274,0.4705095219065806,0.4672308184352741,0.4649916369464487,0.4618584310699116,0.4616715867853053,0.4627516282172876
0.4785459329075754,0.4787389571935909,0.4787127501737447,0.4789439534300597,0.4791068274081804,0.4792639114261527,0.4797371925670049,0.4801905773417058,0.4821869934915416,0.4856785557400778,0.4899077831072863,0.4933169206745454,0.4957756386823598,0.4987480570000268,0.5023613294655185,0.5068442228028214,0.5093607414804275,0.5100042094737609,0.5090879049774522,0.5065564974729375,0.503680140794092,0.4995595946924769,0.4940351325965347,0.489637988055964,0.4853097291322794,0.4814762912000498,0.4780836228012481,0.4739900553420559,0.4715108618718248,0.4697716724498935,0.468915666846681,0.4684284917463119,0.4687798066541941,0.4692918824663491,0.4699817064434671,0.4705330149892371,0.4736264889358509,0.4811493401005092,0.4924782641840226,0.5087062115740336,0.5327054659667859,0.5566514010465621,0.5687942674639929,0.5602960383840783,0.5340388193872524,0.5172048960667278,0.530774896521433,0.5508382729312618,0.5590774048038025,0.5438644206477701,0.5169553343453623,0.5023706524196676,0.4936658993619184,0.478172508774793,0.4547212863783224,0.4322779268982734,0.4161904829917834,0.4102558169704554,0.410515619427988,0.4145914354224262,0.4215321025231222,0.4304760740379866,0.4384469836993916,0.4456848189007403,0.4506499137975963,0.4537129032945007,0.4547725630958389,0.4556558365958726,0.4562230506403719,0.4568990351390283,0.4574013008233153,0.4576364723271756,0.457877591831175,0.4579791520018843,0.458141431629099,0.4585761565775912,0.4589018148591546,0.4593256166935972,0.4594560231041183,0.4599534208967083,0.460755996501159,0.4617915637893097,0.4629535342664346,0.4641367481319494,0.4653878146223201,0.4669145543714171,0.4685297793380428,0.4704362083044286,0.4726605082779569,0.4753267743444255,0.4785191058580309,0.4822030606221613,0.48613073794779,0.490195631899971,0.4941635417751449,0.4984994732627307,0.5025461444620828,0.5065577726865281,0.5103584294070749,0.513849436133237,0.5167533957565577,0.5190980227680237,0.5204073345897468,0.5209391247582532,0.5202030579773249,0.5183344305450777,0.5155990674332526,0.5119197912221504,0.5076724276858476,0.5031220763132266,0.4985551170812166,0.4940211854004426
0.4785459329075754,0.4787389571935909,0.4787127501737447,0.4789439534300597,0.4791068274081804,0.4792639114261527,0.4797371925670049,0.4801905773417058,0.4821869934915416,0.4856785557400778,0.4899077831072863,0.4933169206745454,0.4957756386823598,0.4987480570000268,0.5023613294655185,0.5068442228028214,0.5093607414804275,0.5100042094737609,0.5090879049774522,0.5065564974729375,0.503680140794092,0.4995595946924769,0.4940351325965347,0.489637988055964,0.4853097291322794,0.4814762912000498,0.4780836228012481,0.4739900553420559,0.4715108618718248,0.4697716724498935,0.468915666846681,0.4684284917463119,0.4687798066541941,0.4692918824663491,0.4699817064434671,0.4705330149892371,0.4736264889358509,0.4811493401005092,0.4924782641840226,0.5087062115740336,0.5327054659667859,0.5566514010465621,0.5687942674639929,0.5602960383840783,0.5340388193872524,0.5172048960667278,0.530774896521433,0.5508382729312618,0.5590774048038025,0.5438644206477701,0.5169553343453623,0.5023706524196676,0.4936658993619184,0.478172508774793,0.4547212863783224,0.4322779268982734,0.4161904829917834,0.4102558169704554,0.410515619427988,0.4145914354224262,0.4215321025231222,0.4304760740379866,0.4384469836993916,0.4456848189007403,0.4506499137975963,0.4537129032945007,0.4547725630958389,0.4556558365958726,0.4562230506403719,0.4568990351390283,0.4574013008233153,0.4576364723271756,0.457877591831175,0.4579791520018843,0.458141431629099,0.4585761565775912,0.4589018148591546,0.4593256166935972,0.4594560231041183,0.4599534208967083,0.460755996501159,0.4617915637893097,0.4629535342664346,0.4641367481319494,0.4653878146223201,0.4669145543714171,0.4685297793380428,0.4704362083044286,0.4726605082779569,0.4753267743444255,0.4785191058580309,0.4822030606221613,0.48613073794779,0.490195631899971,0.4941635417751449,0.4984994732627307,0.5025461444620828,0.5065577726865281,0.5103584294070749,0.513849436133237,0.5167533957565577,0.5190980227680237,0.5204073345897468,0.5209391247582532,0.5202030579773249,0.5183344305450777,0.5155990674332526,0.5119197912221504,0.5076724276858476,0.5031220763132266,0.4985551170812166,0.4940211854004426
0.4787421088066775,0.4786999094977822,0.4784420353946958,0.4785674685049632,0.4790848245193368,0.4793436171401024,0.4800247103204679,0.480112230995052,0.4801071900788066,0.4816293810222995,0.4849538688635481,0.4896769165471192,0.4934320683050311,0.4961937977115109,0.4990950140429007,0.5026061884712014,0.5071918982134058,0.5098292305315427,0.5109027328582042,0.5102201310834387,0.5082827288864609,0.505701107361866,0.5021805925557004,0.4961028846749512,0.4911448678610426,0.485475529343579,0.4812933448917961,0.4777907141359392,0.4742128367013755,0.4717163813419499,0.4695780529467199,0.467780280980322,0.4669352371718887,0.4670082114103845,0.4678791313816576,0.4684376498267524,0.4709760124360964,0.4776935314942918,0.4890223634643419,0.5032741672246897,0.5233457333443272,0.5450176938035975,0.5590904978919045,0.5533529629350146,0.5269804023255232,0.4968026313523854,0.4937582670559388,0.5114488793383649,0.5295893716959522,0.5374974454984909,0.5262320747663454,0.5167806710980442,0.5076341948224296,0.4913271827946873,0.4637934796626467,0.4353545182162584,0.4109422989304085,0.3972777547475488,0.3938287494989269,0.3969460564913479,0.4055144614326064,0.4190743099508697,0.4302655214570512,0.4395656642152156,0.4451216036040468,0.4488808555257378,0.451740882962079,0.4538474466903806,0.4553151839694687,0.4564297998982458,0.4571400337878183,0.4579294531830529,0.4583875395927874,0.4582390149206221,0.4579863809404168,0.4585739821962282,0.4593256691031304,0.4607648991009188,0.4620801445174183,0.4627052784878705,0.4640744292985568,0.4655451559605774,0.4676225336525286,0.4697064042461777,0.471150992875606,0.4735014472711567,0.4754350821712408,0.4783211593151351,0.4812412191582563,0.4845711285324647,0.489344973243535,0.4941464506203189,0.4991908264051209,0.5041865523189955,0.5089686345859091,0.5143980393971426,0.5192560643810799,0.5238649500205449,0.527608763851841,0.5310406561432391,0.5328682824827544,0.5337325316840958,0.5333760942728171,0.5322985927026775,0.5294338818335549,0.5239984510285475,0.5164296524667826,0.5083186086965289,0.5010315171191925,0.4945512867315075,0.4888054653850733,0.4841084429833182
0.4799789525948459,0.4804385072086224,0.4806124085754987,0.4806926134202708,0.4807429908302641,0.4804557439134874,0.4804648122593455,0.4807479409921187,0.4822192838187388,0.4857760852748129,0.4895565316334346,0.4932528745431958,0.4961904604869225,0.4994650346806584,0.5036485199052885,0.5080745912364071,0.5106762114944104,0.5113742936165289,0.5110061850142334,0.5089139362595548,0.5070202686712052,0.5035588489700334,0.4988790372906141,0.4941838215075956,0.4889132908650734,0.4836016868978378,0.4794084111796871,0.4755308599398342,0.4733496941214552,0.4711414665635407,0.4699048050381327,0.468797128476915,0.4690442331251008,0.4695192156035571,0.4701595387516484,0.4707814930022067,0.4744678088526879,0.483126727252734,0.4955465748133134,0.5116727045810785,0.533707031377552,0.5538460647720755,0.5624474290025012,0.5501202571380429,0.5197469815489106,0.4956077919654603,0.5024253721545655,0.5181462252463024,0.5307634153578644,0.5240338309553175,0.5067304409090081,0.4974510164147666,0.4887887402664548,0.4698720469213505,0.4430368966609739,0.4184740459676522,0.4016125670063796,0.3966677627103463,0.3984383717065767,0.4052250715955317,0.4158527463467018,0.4274969150820868,0.4376879699324975,0.4459026435206315,0.4515279111254673,0.4545819282856915,0.4560202896595998,0.4574339905678304,0.4586089708828542,0.4597200043134898,0.460272469564156,0.4605282732245472,0.4606651379549016,0.4608609464329889,0.460635980918243,0.4611466655808925,0.4614308971676145,0.4622836355599585,0.4629754503756818,0.4637873520796509,0.4649646528478547,0.4662180986709421,0.4677324125138916,0.4695402589224603,0.4714735365575551,0.4741085142550439,0.47690474863974,0.4805128448039422,0.4843090856236198,0.4887747381999746,0.4930146880931076,0.4980947912796901,0.5034413621273877,0.508388597323721,0.5136963213542909,0.5180564163940296,0.5227294302002629,0.5268645073556243,0.5302471401575093,0.5328005512328626,0.5345658068466174,0.5345952998394388,0.532520712071481,0.528621026875366,0.5238716875709594,0.5184971756336274,0.5127825913371004,0.5062544250937162,0.4991394017385874,0.4922725255380893,0.4858047929262047,0.480204620315425
0.4825976841737865,0.482739504270297,0.4839255080003055,0.4869508185176455,0.490895846024203,0.4950732790621964,0.4984396875629514,0.5023172930753205,0.5058167614626179,0.5100309740175666,0.512580948785947,0.5133725790866749,0.5128495690861681,0.5106255381033644,0.5081620015331597,0.5042499483762161,0.4989262390471051,0.4939558828153131,0.4890924421163732,0.4848282150402395,0.4812352286019134,0.477584122455455,0.4749301002621933,0.473296192323862,0.4720363917113832,0.4716308248896456,0.4715409275017203,0.4719475971987424,0.4722122729301137,0.4728022185381853,0.4769539421147095,0.4858241166584314,0.498676240079892,0.5170936940071915,0.5404871067370173,0.558307060278772,0.5597426329183907,0.5383552514155905,0.5073050834062106,0.5000837149887639,0.5225683462862577,0.5500132408299384,0.5654091904437968,0.5564594135247333,0.5405012392806273,0.528774477715786,0.5126522514675375,0.4852508377737117,0.454149122395627,0.4270985897166551,0.4105593483823664,0.4061831574080972,0.4079437043615837,0.4140269396855665,0.42359704005304,0.433267017332733,0.4418050888886229,0.4488918772604107,0.4537340468776264,0.4562592797427108,0.4577199366172284,0.4583560063276209,0.4588291288114383,0.4592740722618301,0.459645894317186,0.4604568064897323,0.4608596274246059,0.4610417559494634,0.4608613962204011,0.4610232783991148,0.4613928340964366,0.4618905489661944,0.4621875601040762,0.4630232319023874,0.4638575998283346,0.4654287006922901,0.467314126323177,0.4687255992885875,0.470373948633837,0.4719359754991998,0.4737651990807046,0.4766430131811263,0.4795664245191898,0.4829724311117334,0.4866965302027417,0.4907162991128592,0.4953810659652193,0.5000238195526153,0.5047301607205158,0.5090856990257976,0.5132936155692622,0.5176448642748165,0.5213973762996363,0.5247203719838383,0.526883167861884,0.5275799961218679,0.5269651153363837,0.5247677573153878,0.5212347388882982,0.5164901666785631,0.5107830387313047,0.5044917801143153,0.4984599526026657,0.4929340000583617,0.4874960355027972,0.4829667884697536,0.4786213544451816,0.4753480930672258,0.4728737210811133,0.4710216510397494,0.4697076750752114,0.468813130714301
0.4543937585427323,0.4507112358086831,0.448674687123112,0.4536202262416541,0.4631921304146792,0.4656732480051806,0.4588827930099847,0.4605268464926649,0.4621632019260642,0.4700140556095575,0.4768373912251891,0.4768480442500397,0.4764997116290873,0.479416319854791,0.4790922433298933,0.4848896110117499,0.4873987694693332,0.4949105663696539,0.4997249341512949,0.4987196589877324,0.4917628804708649,0.4864152887223031,0.4793020270598247,0.4774667163246994,0.4751996580410184,0.4684217587957635,0.4655298145260428,0.4602824606615873,0.4594074563661763,0.463649976389507,0.4651274193090885,0.470041984027615,0.4608762488765813,0.451407003139444,0.4425002996154857,0.44065266492332,0.4548166280163929,0.4658144018754018,0.4794445789469159,0.494677903127288,0.516899806730452,0.5444787747030002,0.5676503365349901,0.5666318234406293,0.5520006096186351,0.5356655738902466,0.5456051861610343,0.5622413688070862,0.5620606841913915,0.5415674093716547,0.5057269288071068,0.4874270658992214,0.4756922859914464,0.4587280366219151,0.4354414330520419,0.4134192837190236,0.3978237275795112,0.3949305335877969,0.3918286747657821,0.3985349902478983,0.4067559417471074,0.4167345860651864,0.4262516549192421,0.4319805340312181,0.4405367749406976,0.446881812537133,0.4492634472668471,0.4496160609858574,0.4507785798772012,0.4512574923870255,0.4536033694343954,0.4510003884607603,0.4516824040582261,0.4515246105933229,0.4514001247251509,0.4532539256306906,0.4528581295726401,0.4564755139565948,0.4590951739246647,0.4621900065142961,0.4648736853638879,0.46682374455836,0.4662071565782911,0.4681061631978707,0.4706407494093021,0.4783233847807475,0.4847746537060265,0.489442055669634,0.4883618316137629,0.491306903699336,0.4968786160996461,0.5039807620431658,0.513266115807038,0.5186860294838294,0.5267292831088487,0.5334027661778793,0.539561787419798,0.5415909262528914,0.543654326489693,0.5419320439841427,0.5410701704006077,0.5389266987205265,0.5345607508115077,0.5277355762117096,0.5184776653823242,0.5111531485051617,0.5041474734698177,0.4992516414502832,0.4920188900367613,0.4855969392646072,0.4786887562898093,0.4746360398508096
0.4785315582534013,0.4787150970675875,0.4789734731819849,0.4787103405577388,0.4784910170578779,0.4780368465603474,0.477763641982541,0.478046979863116,0.478783756181721,0.481079794170842,0.4845970434076696,0.4883205180838985,0.4914456262661803,0.4946788488188233,0.4986898802798237,0.5028138200660963,0.5067512870343811,0.5080685977857451,0.5089189528155385,0.5076807158631713,0.505618605872007,0.5023694366831511,0.4974381535161518,0.4919374492820555,0.4871541341400778,0.4821805214476067,0.478540812283089,0.4750236231727902,0.471930003519366,0.4704286831732162,0.4698002270083965,0.4692679418884789,0.4690796718078781,0.4687806699453679,0.4690797652952364,0.4688375522766209,0.4697638660293884,0.474453507489264,0.484038666723547,0.4983089458281359,0.5185805521972089,0.5430146390070779,0.5593636481549685,0.5578181382577448,0.5325442036354887,0.5039518935047227,0.5032698357646064,0.5251182677086765,0.5461434252751151,0.5509638618540701,0.535249921614723,0.5202948285405287,0.5111173548012113,0.4953758329045261,0.4693494932229358,0.4413601629291067,0.4176228909015579,0.4052617531440476,0.4033597672769671,0.406168436423314,0.4136565515311705,0.4234055415016951,0.4331184892916742,0.4414190986039704,0.4481538184049173,0.4528188373148546,0.4554907116189295,0.456827922528345,0.4575112190402631,0.458127171185505,0.4587890659345676,0.4595662537792746,0.4599190926538608,0.4603056921343029,0.4604969420117273,0.4608738034906706,0.4616138380942575,0.4630314002144392,0.4641036220527897,0.4650064331845181,0.4650340757389133,0.4650202874301124,0.465385973920201,0.4665533375481464,0.468095912537741,0.4698380818076599,0.4714663094508471,0.4733182331125689,0.4753177350580136,0.4781099100360313,0.4810021790593652,0.4838409864165083,0.4874548340846859,0.4909038900631896,0.4951813922823597,0.4996287307522235,0.5041013501921063,0.5086465569623957,0.5123364990300551,0.5161938129155211,0.5194495533417115,0.5225354982348346,0.5246003818625572,0.52507047029425,0.5245277741166863,0.5230016140966204,0.5202067781059384,0.516351814728221,0.5112936884754796,0.505542746625188,0.5000255309103245,0.494548498413153
0.4805565169180583,0.4807549800010089,0.4808937988531666,0.4807831310261983,0.4805098087125931,0.4804822169820182,0.48054269811404,0.4810065224407981,0.4825412087695567,0.485798469350991,0.489933313993412,0.4940247682698944,0.4968662570710203,0.4999232645330001,0.5030892555888953,0.506980257792541,0.5095754749362709,0.5103483868806418,0.5098779745330925,0.5076764432830324,0.5052025709864805,0.5018733885300222,0.4967079405985896,0.4921547442759246,0.4872357190487402,0.4829555460491405,0.4794463585705263,0.4755413071685072,0.4726988188105815,0.4708055668439914,0.4698423643662274,0.46914424641717,0.4689900211136285,0.4689790625334036,0.4692396133422015,0.4698537930354831,0.4730798937951617,0.4807366750765229,0.492780782621371,0.5096484166422822,0.5342035926887935,0.556378074220448,0.564947101665173,0.5508355260747928,0.5197785670709837,0.5036373485627496,0.5181719828156208,0.5390941560604781,0.5498415070081357,0.5375067082891885,0.5165982555811772,0.5053299718324653,0.4945412423893677,0.4728890587464947,0.444697190629096,0.4195816751117081,0.4037105189846124,0.399872085962087,0.402591571664619,0.4085319821723923,0.4181535369252107,0.4285366353964457,0.4376122200483943,0.4457433448359451,0.4513571762920573,0.4551035320530295,0.4570958434534753,0.4584328388642136,0.4594773225172895,0.4602018021674925,0.4608344100987905,0.4612984390036212,0.4617012990902542,0.46222336983044,0.4625398698270547,0.4632411284510494,0.4637837383862175,0.4645481511838092,0.4654654276053505,0.4664642104821243,0.4671482984190906,0.4683013816160771,0.4690516544466671,0.4706146378412146,0.4722448352664546,0.4741160963939109,0.4763163877682568,0.4789519569207447,0.4816190634706331,0.4848216055424359,0.4882809319530202,0.49210778695615,0.4967000210856893,0.5011524433597185,0.5057264875354165,0.5101746801486373,0.5142498704734102,0.5183971809981885,0.5224757496496326,0.5264017776505213,0.5295343400862329,0.5317457726625571,0.532449928837882,0.5323693293132417,0.5310873568075397,0.5282452965509349,0.524372285397115,0.5190259891123293,0.513404968416915,0.5076803294081309,0.5017497051758026,0.4963042669735349
0.4764643975821781,0.4764482930481197,0.4764240776633227,0.4768379017530746,0.4771307399460461,0.4772115397896069,0.4769286216286377,0.4772559328680869,0.4791785120907026,0.4831014661483123,0.4870433078211231,0.4905352750723984,0.4930912474248242,0.4956688051056287,0.4975367589048965,0.4992888746143065,0.4997320948212282,0.5001804495211348,0.5006359926165215,0.5006274198814767,0.5001147142413594,0.4980520473575914,0.4940578964214417,0.4887917400644727,0.4832841321704904,0.4780445670704491,0.4740200990992624,0.4708746037553783,0.4677558435249117,0.4660362989167781,0.4645711168886673,0.4645414851908714,0.4649872929306498,0.4656102935228501,0.4657635781172014,0.4679451837642513,0.474562544560036,0.4872742099555635,0.5034106471723638,0.5274798331718379,0.5561539879495663,0.5799088459386891,0.5872394540426431,0.5742050727769978,0.5543201313177752,0.5588273849535863,0.5743913734639653,0.5773265847347275,0.5616741024769341,0.5276068378708892,0.501526645677397,0.4850603226962892,0.4652875406372961,0.439810748388834,0.419679136651413,0.4043567201316622,0.3977448203329792,0.3970759409776933,0.3999394262573469,0.4068101278151132,0.4164887782408217,0.425077465529281,0.4329019208767047,0.438787628316193,0.4426205960226513,0.4449226406749338,0.4461946702837844,0.4470493591661579,0.4480085262550848,0.4485807058865472,0.4491317578040901,0.4496325367061606,0.4498012642229175,0.4500468506251094,0.4504668544229138,0.4506781769256807,0.4512563319104248,0.451960491158048,0.4530595794214349,0.4544054072362909,0.4557963835672886,0.4571985806051396,0.4587461257671796,0.4601996845473045,0.4622993801529909,0.4645754069049292,0.4677611394282508,0.4708918573465625,0.4748015843649128,0.4783819347204511,0.4828452685051208,0.487718450387706,0.4929205373041931,0.4987355750886394,0.5046181199097369,0.5107189402613888,0.5169138567485012,0.5222953724431448,0.5270392198466167,0.5305931938288917,0.5326878204827188,0.5335517213912119,0.5329939981823055,0.5312043269230035,0.5280770381518581,0.5230127953017124,0.5165897010966692,0.509745903300764,0.5027580201117073,0.4960066816147227,0.4896656529095504,0.4833955884002872
0.4801680459074793,0.4802744247301177,0.4801438709047478,0.4807395295564226,0.4812792287159609,0.4814428338563886,0.4814939566698519,0.4815711599231065,0.4829078471123079,0.4860292350468608,0.4897416067782278,0.493174053021534,0.4957077386403563,0.4981471069777867,0.4999389237880431,0.5024324621890943,0.5038686581224133,0.5047628575273924,0.5059422739755529,0.5058576557663358,0.5053116953883419,0.5037747556339496,0.5005278912919154,0.4960736268947086,0.4909938882694012,0.4854559359752399,0.4815746000475762,0.4784047453971561,0.4756840074308978,0.4737227073785863,0.4720010153491841,0.4713048892530418,0.4708650027595017,0.470856078276892,0.4707879741315828,0.4718339155274229,0.4767567057218461,0.4875898935036464,0.5028068458424099,0.5249366204564186,0.5540938720736706,0.5806701803467291,0.5936228081249536,0.5852481500829957,0.5626685075601647,0.5582882362025635,0.5724259190313432,0.5791159138700764,0.5686651782306308,0.5330274668832616,0.499028696000531,0.479480195631716,0.4656858909309874,0.4476806354668582,0.4311164511747969,0.4158412083294124,0.4070208449746603,0.4050819362736792,0.4069618164725967,0.4122409643985937,0.4209136165171541,0.4296080497763834,0.4371555525300795,0.4435152463709532,0.447616305766073,0.4497197067177081,0.4509443447166421,0.4511894570784887,0.4515602467158,0.4517075611884336,0.4519061702404992,0.4521805598180146,0.4525065334799617,0.4529027787915351,0.4534591964852769,0.4539894700461973,0.4541327633848632,0.4543937756063718,0.4547055203263641,0.4553629424797309,0.4562376766734073,0.4573750255501175,0.458922504414506,0.4607035134689218,0.4632216137929952,0.4657201453287733,0.4687801462041653,0.4719241452681283,0.4751539584373526,0.478706352848525,0.4831445255601259,0.4879323572919105,0.4933276037631732,0.4986108903079827,0.5037429855850857,0.5090752660619493,0.5145928634020743,0.5198850065907913,0.5247183384471148,0.5286400782997309,0.5312660334697363,0.5330934691070528,0.5336994348822236,0.5328711620772937,0.5306526348635268,0.5267496224260992,0.5219135079629433,0.5164207454500824,0.5099382914533315,0.5032015430439694,0.4967206341650418,0.4902744463861925
0.4655778787201866,0.4684888500790438,0.4704492436067676,0.4692568174842981,0.4689769523636538,0.4704896798321409,0.4721255108764159,0.4749681633887928,0.478022935447899,0.4815749967287478,0.4853172721890407,0.4878219460919464,0.4890058243960088,0.4905797042066879,0.4934513846776793,0.495764212605143,0.4980529960165808,0.4983636902615843,0.4962911084340879,0.49369432454821,0.4918839520749807,0.4924451025155606,0.4927644186356244,0.4923913120578438,0.4868196723050473,0.4806102591461025,0.4747809187850075,0.4706785797279435,0.4691939862152735,0.4678994890210359,0.4655209307608246,0.4637481340494939,0.4620387531878037,0.4620233144864963,0.4625215362075902,0.4673734762735342,0.4791434301489177,0.4973762989982033,0.5213967351068157,0.5520534965936322,0.5818136608622784,0.6020057401801943,0.6044786095467195,0.5928947663976417,0.5922444534714055,0.6043424375552359,0.6003810659346409,0.5720956505652983,0.5252740430974762,0.4861990048733683,0.4700416868444239,0.4611971131527662,0.4423263633485282,0.4226638095818589,0.4034379333334758,0.3936325632214129,0.3941598811504571,0.4009394171088953,0.4119110720491329,0.422124658008271,0.4293943132547956,0.4367161723165861,0.4421096556890608,0.4457831392940194,0.4483743247500227,0.4460529786174056,0.4449491709861816,0.4438982462995561,0.4447556586684756,0.4472478316940793,0.4540021390757954,0.4577003722812676,0.4604913022492222,0.4660837853818399,0.4694742639141311,0.4702500308487364,0.4639309270515164,0.4554798897450984,0.4585992128911262,0.4650435534522171,0.4691654978844758,0.4658393365088312,0.4594693100028158,0.4594757560877847,0.464153612224979,0.4707644301905286,0.4755674471001322,0.4766377499509928,0.4753968937485076,0.4810908228930219,0.4953587667031543,0.5124733500143479,0.5255910279280896,0.5243294103094138,0.5186100131572959,0.514544959337598,0.5179804330178396,0.5231894845590839,0.5302795739629301,0.5316080251045481,0.5274360994500327,0.512455948464206,0.494428678896641,0.4815959370886881,0.482751734663006,0.4950206450174713,0.4922381595209658,0.4917153575278743,0.4929452731078644,0.4936547060121208,0.4818050512530737,0.4774208033784915
0.4765077067062264,0.4761294354484611,0.4757635119113921,0.4758731565468955,0.476284761972553,0.4769652822502085,0.4770724168342382,0.4773006905896925,0.4773883591091816,0.4789567397219829,0.4825659040337467,0.4865266953836135,0.4908524405189314,0.4946734877402103,0.4975731979053993,0.4996875548122083,0.5009874568811488,0.5013001645865354,0.5018426790987055,0.5019376454844909,0.5013311611126009,0.4999433451447745,0.4977280422702512,0.4938318425283024,0.4899931740986504,0.4848254904807463,0.4801124804165921,0.475279849034474,0.4707700894864638,0.4679884839316097,0.4665668909480124,0.4663654980178333,0.4669251419684491,0.4668681368713895,0.4669495551166732,0.4671866144919033,0.4704830250049763,0.4791824838940424,0.4925381407328961,0.5103204600284879,0.5369580680961544,0.5655698585246598,0.5847400538430335,0.5840751168191377,0.565951351164705,0.5533832171786598,0.5681296876038164,0.5808863738090438,0.5794925993419382,0.557558182534702,0.5302687207609146,0.5166149969352409,0.503290476519987,0.4768204205087837,0.4435627932255709,0.4171687347068295,0.3998886399044434,0.394751807588355,0.3946544507730429,0.399550844509399,0.4084195051973285,0.4185639912611678,0.4267995038728228,0.4340684200811082,0.4390742130314833,0.443018142542405,0.4455004345190241,0.448136160456949,0.4494343244790226,0.4494698772241091,0.4490276000566726,0.4489756706554199,0.4499503702859228,0.4517194158494985,0.4528708314826987,0.4540378292629092,0.4545042901650163,0.4554957701814267,0.4566550942114581,0.4581655797549683,0.4594449121371861,0.4602381145980992,0.4613975196582924,0.4629326744301877,0.4654179819661311,0.4681658462445344,0.4711546734117651,0.4743340612105675,0.4780239816950581,0.4824315302547491,0.4878807643929683,0.4943015465685892,0.5012249511426367,0.508002745497599,0.5147815218842808,0.5206065928938864,0.526071840305266,0.5306822035617307,0.5340217413304462,0.536729776338801,0.537311516448922,0.5365351866535945,0.533501972430174,0.5296577550362889,0.5242225821013079,0.517091267125926,0.5094159673399898,0.5009396270032908,0.4932067169665921,0.4863015413019542,0.4802979837912928,0.4755173204798448
0.5153201512831488,0.5150002597251722,0.5154068240712644,0.5190808142800496,0.5280677869956142,0.5380785918308721,0.5452937155535786,0.5504240305734247,0.5553474294203711,0.5621135058673183,0.5640621481957315,0.5639027304798395,0.5626199604954075,0.5571955403145428,0.5510860555062312,0.5425930966557432,0.5371561269441655,0.5345594694116244,0.5313979879115132,0.5281485641674193,0.5232092313547021,0.5205293152871857,0.5191731294447288,0.5209268081883524,0.5225045620778257,0.522628326107189,0.5241343301478482,0.524986284500963,0.5266888239598454,0.5279566199523411,0.5298759274081101,0.5301978440070958,0.5302329224200875,0.5308251649237087,0.5299818093835409,0.5225264447621499,0.5131609438432775,0.5114118271922459,0.5294650924334263,0.5735430677306469,0.6257563670849414,0.6594882504787776,0.6617815184989579,0.6407266281297573,0.6167670993394337,0.6068236133488062,0.603924187456756,0.6073625661349048,0.60917541135052,0.6034598733302275,0.5918749691158581,0.578947532393379,0.5729896149759265,0.5713241271140798,0.5716859346628844,0.5703451888088378,0.569889652943283,0.5685148904937657,0.5698365608681811,0.572865650396075,0.5755121497852599,0.5775236117870662,0.579590354696137,0.580150750462338,0.5810580192898486,0.580924311570959,0.5809802891971293,0.5821045274025668,0.5827136566938921,0.5866479379910524,0.590571461751821,0.5926424877866755,0.5939891690756437,0.5958897556120513,0.5988487261621538,0.6018051327538204,0.60457457167397,0.6066895343417,0.6083842264956255,0.6097273049259812,0.6109826962464847,0.6121924491675881,0.612077889122203,0.611600511951841,0.6101709969699608,0.6090334434795875,0.6060176628082606,0.6023807628172062,0.598734443618418,0.5934577423476148,0.5862447544225134,0.578091647425723,0.5676190808482178,0.5569236608543237,0.5473860742499133,0.5376605031891868,0.5288888629522978,0.520740195624781,0.515579958454609,0.5125321001527304,0.5098347947265416,0.5075437982558269,0.5055963080201411,0.5028126600254417,0.4999313972692588,0.4992597886641977,0.5000512838927964,0.502007270680275,0.5036447488611151,0.5038701322137493,0.5037906204569592,0.5015838398519282
0.5155725328829944,0.5187663340554775,0.5210234335940056,0.524164923008205,0.5290844792642648,0.5327054999453322,0.5385916913218839,0.5459750185278922,0.5555779758067162,0.5641257520497595,0.5724853185723487,0.5746828746367315,0.5751905340198079,0.5697240995409819,0.5645632717322451,0.5585213907244415,0.5512366851741924,0.5473599883916828,0.5447007560387016,0.5420027191635393,0.5373718297946084,0.5348285213846655,0.532388901771686,0.5338112430322556,0.5342671720442171,0.5366297952758564,0.5389649384523338,0.5374753993280305,0.5362202421226031,0.535259839556621,0.5351886199976286,0.5357168665739234,0.5347968856635824,0.5354384487506725,0.5335155797560545,0.5283841901602715,0.5236626959898603,0.5242308408371885,0.5425965502349588,0.5872238051030945,0.6439618025215067,0.6809946682527561,0.6893103375799543,0.6666490330841137,0.6378991365471295,0.6173909911210824,0.6090636128452694,0.6121794900506768,0.6134975933545516,0.6085546794912133,0.5948915820327,0.5820085214415371,0.5740385206335095,0.5719312886128785,0.5729836276990552,0.5745809860038257,0.5746612730650744,0.5749325663020776,0.5756410743854223,0.5749949170179538,0.5750058089582166,0.5752167401882342,0.5766331876450791,0.5768040374693824,0.577360179565125,0.5790870731256345,0.5818964299315251,0.5839493824108952,0.5878545154472139,0.5889620030598426,0.5903139193167551,0.5907539421751584,0.5911614418816156,0.5921517076714571,0.5927561471790482,0.5949011062741139,0.5980341186605733,0.6014644665793697,0.60453710432513,0.6064463136032233,0.6079651013523606,0.6068106772511964,0.606962880528555,0.6077180858982559,0.6083392787054874,0.6065205925864263,0.6029559586476474,0.6005668849863792,0.5956221105748669,0.5927345433613911,0.5879504536047473,0.5817627455898041,0.5735765255207919,0.5641568138406157,0.5534194981916477,0.5424924934957807,0.5323514474549498,0.5258762120638139,0.5208698238781393,0.5159841360633481,0.5117530874871412,0.5088937404407428,0.5076396970135111,0.5064711297718342,0.5063438126445808,0.5067039986631581,0.5054476032045392,0.5049071799692871,0.5039960104309499,0.5031580740655123,0.5013361606842531,0.5008560484473832
0.5448217589613559,0.5390447704093793,0.5351968240263416,0.5318995677715607,0.5284326657581021,0.5266922728847812,0.5260915975342346,0.5283388488093471,0.5265144707997121,0.5258409810949757,0.52247924361531,0.5208985753477987,0.5205534665176645,0.5219378258257317,0.5228482095427364,0.5203813982374286,0.519627535199531,0.517678727319943,0.5194708418663443,0.520685558747286,0.5201423463688344,0.521439786463049,0.5187214683284532,0.5176403954299234,0.5119831136902459,0.4969553343393977,0.4740473875752191,0.4430851337782036,0.4114119910910957,0.382649152194019,0.3660277195489245,0.371608389030192,0.4059334362706926,0.4662800387387665,0.5352182772365334,0.5925929203778098,0.6256193311496385,0.6411865089712226,0.652961386509008,0.6678457279224114,0.688967733577803,0.7109648524179688,0.7272198027159414,0.7258499255179095,0.7028178373193942,0.6685366835771905,0.6374050891788365,0.6094689010810809,0.5910771852781413,0.5762342524971206,0.5663290278726972,0.5607976116852573,0.5578030129352963,0.5569579098678927,0.5550871822146296,0.5526782670144075,0.5504294011656252,0.5494683842277146,0.5473393031785875,0.5469196474624913,0.5472089653529391,0.5472155273893732,0.5482732319688022,0.5467097586425272,0.5473956688679052,0.5474263648629577,0.5484679377876482,0.5490940252235627,0.5473431887423276,0.5436385247001391,0.5422597952811006,0.5397128069035122,0.5383042038156987,0.5338798837078277,0.5304046639792341,0.5286216457345077,0.5260954751721478,0.5250252194711631,0.5212717483415374,0.5178282069812625,0.5124321413262197,0.5113665591328663,0.5110390107778523,0.5122297052149334,0.5122696568199102,0.5128944691832833,0.5125456384688937,0.5121473230256872,0.5125198127399028,0.5150875324291619,0.5151302272207474,0.5139538565295054,0.5135162510400333,0.5145291564398201,0.5170598321515224,0.5196246864077627,0.5208753575125962,0.519690843314451,0.5181492221387192,0.5161765630312282,0.5171560936418921,0.5154309250052911,0.5161167626018017,0.5172272741602749,0.5192003703031741,0.5194286232693565,0.5183267797066876,0.517477237560113,0.517720805152417,0.5168431539189101,0.5176972011508356,0.5163828669382603
0.5516800836725717,0.5556696269134276,0.5601976243808136,0.5633015745259599,0.5675259372018522,0.5695341180122648,0.5733299570729626,0.5738766637926018,0.5694838047397734,0.562009216975906,0.5501198188968585,0.5441802316297508,0.5405213360841965,0.5376225146617494,0.532787695979096,0.5299838935245155,0.526528830556041,0.5232718238108195,0.5204908473278045,0.5193136127077976,0.5208882925072834,0.5202785991758814,0.5221322622879587,0.5218526187981442,0.5219844275960129,0.5214099293243827,0.5225006433119597,0.5196684994994766,0.5095989274050783,0.4993035271263122,0.4937052521502141,0.5085868097166619,0.5424537514543011,0.5824778096202026,0.600848620985872,0.5930484710427659,0.5758135523825985,0.5627472642995618,0.5692399113889917,0.5805060670931244,0.5945673073586751,0.6073573473829658,0.6106597747381205,0.6031895049425336,0.5910103799135963,0.5777002053996327,0.5686858289045437,0.5649037742439461,0.5653121871862978,0.5667841862974365,0.5692733146742001,0.5726392928342068,0.5751971091567012,0.5771739304316441,0.578850227357745,0.5803343077526832,0.5825526128610437,0.5836434029381236,0.5865384008767428,0.5881984448684012,0.5894286184360285,0.5889851528072987,0.5889919833319012,0.590301389808863,0.5907863463610021,0.5921250383560338,0.5922081616527192,0.5912839475727678,0.5897073246848386,0.5889269061508152,0.5872909921606764,0.5845498822541794,0.5807164629356949,0.5785927397115431,0.5750743468332592,0.5694492449468119,0.5643228777000838,0.5572635557285598,0.5504128347812923,0.5434476298295607,0.5377463330845496,0.5317993537833665,0.5267903204204839,0.5219723116777305,0.51957703989491,0.5171033804029613,0.5150183702610751,0.5140833677864504,0.5141241010851859,0.5132956473290213,0.5128523909264575,0.5139269738231078,0.5134552917855594,0.5138642465113943,0.5142287870545066,0.5149927556302489,0.5168203212884446,0.5170513987947282,0.5186216205451291,0.5205673222728135,0.5207729446398661,0.522878731150491,0.5244347571637336,0.5244666904848975,0.5251236453112457,0.5260384789807628,0.5273102346386892,0.526857666643637,0.5267303485391271,0.5274826816461529,0.5328142439881296,0.5386131230531753
0.5247200293829563,0.5246196925700581,0.525791565103014,0.5249593276189105,0.5269508143326447,0.5311447124331911,0.5391874970074277,0.5466825349919585,0.5524913642125103,0.5556759155464628,0.5604377731579588,0.5644286522863626,0.5679595838257661,0.5703817904211461,0.5730889904872888,0.5714676492862909,0.566460634310378,0.5584021918926471,0.5472585488686532,0.5404985378358612,0.5368119134401766,0.5336340870465975,0.5274063681811499,0.5219614289431829,0.5188373931334267,0.5179530779249036,0.5193014358657919,0.5201292673012603,0.5206655526326303,0.5198197772061735,0.5204655054280571,0.5210307911195298,0.5218744382962067,0.5226981276506695,0.5223578907616465,0.5211764683497452,0.5118971044769549,0.5029932949121843,0.4996400669396804,0.5160485786980663,0.5551029183903259,0.5990700469671774,0.6276717390621409,0.6268462839551519,0.6070070804862747,0.5890070625009912,0.583270170640345,0.5882278637663619,0.5992025462443965,0.6106869566136746,0.6149756179568137,0.6075068891485937,0.5967647877378016,0.5845610057292343,0.5773023642316113,0.5730347170725276,0.5717612802774323,0.5720656130352306,0.5728078114587709,0.5751587411353565,0.5780369854762692,0.5808572212354856,0.5815269785599582,0.5838467450245476,0.5849665746039661,0.5871834947856653,0.5894151515741666,0.5915561745723169,0.5918368177496247,0.5909403357813314,0.5904392668084828,0.5911064325478507,0.5924451741020458,0.5925530663768966,0.5935650298323443,0.5933107053534821,0.5917967809300029,0.5907059083016686,0.5895987514715467,0.5865748208724311,0.5832281678322964,0.5813626614676637,0.5784387374987948,0.5739309748057171,0.5682757212302062,0.5613554573935858,0.5549186490610052,0.5491429957414574,0.5440730928413565,0.5399566836120535,0.5359397560858754,0.5293923824380082,0.5256593541019388,0.5216915628497876,0.5193518280943578,0.5185959074186836,0.5195884220620856,0.5201210244449554,0.5195347312143141,0.5199822752512222,0.5196578015414492,0.5189116422729407,0.5192915526843931,0.5207752012831759,0.5212289072250873,0.5212896424423891,0.5215183648211461,0.5217166289314845,0.5214854893107284,0.5208400825046356,0.5214860707713984,0.5222069820747213
0.5242804071455924,0.5238972642652421,0.5246969143741645,0.5252080752101459,0.5286195101094889,0.5341772609429266,0.5416408438649057,0.5505461163962433,0.554934036309985,0.5570587978031124,0.5610677418694656,0.5644904114595476,0.5678103946932422,0.5696994880101829,0.571876351603469,0.5686499768601445,0.5626095791347598,0.552257264833665,0.5431480852067118,0.5372064058810389,0.5331453834055395,0.5313290819026646,0.5281880867913179,0.5245595411670098,0.5219108902881077,0.5200185391701334,0.5201264567882482,0.5195015903458583,0.5192246687017803,0.5203749871009423,0.5200793316880326,0.5216686298885883,0.5230669959981535,0.5228492967711776,0.5211782392394373,0.5158145232337047,0.5043287285339255,0.4958977711422453,0.4970418811184108,0.5237362552590737,0.567615451552429,0.6058610651192324,0.6225888347409141,0.6143651007103517,0.5942206601270906,0.5822817472956301,0.5825370016294602,0.5907957496835534,0.6037056235124174,0.6142438111070474,0.6142681336320459,0.6042208584796035,0.5887882066380061,0.5775658598448934,0.5723519520829595,0.5692010488889815,0.5690465911773437,0.5699803118779143,0.5730545452158842,0.5731995720938262,0.5753487393265111,0.5767774403358757,0.5784885508332784,0.5795831160616479,0.580739452706269,0.5830145872377569,0.5839198752192225,0.5865402724343891,0.5881864968208489,0.5890169907734547,0.5892566236956229,0.5887777045493913,0.5899949774408247,0.5901969390813492,0.5909004616957045,0.5918207728683522,0.5905376580257877,0.5894235486497419,0.5873949276289042,0.5862389701463196,0.5829132033996092,0.5789289684116775,0.5752609000582372,0.5704873980126488,0.56572340686189,0.5596598058188378,0.5549701123943931,0.5495158412282629,0.5423798143115373,0.5364210146857298,0.5320982577936653,0.5288651216797717,0.5262980114086675,0.5247254493647351,0.5215563635432816,0.5204013345713716,0.519408946725952,0.5191389393477229,0.5198677224464263,0.5201179331738963,0.5226645915840812,0.5222419634813396,0.522074454636854,0.5217176839403785,0.5228374505022246,0.5233690854502282,0.5241034173435836,0.5244406397183357,0.5249059608647818,0.5250626813835406,0.5249157483373413,0.5268461301764651
0.5242804071455924,0.5238972642652421,0.5246969143741645,0.5252080752101459,0.5286195101094889,0.5341772609429266,0.5416408438649057,0.5505461163962433,0.554934036309985,0.5570587978031124,0.5610677418694656,0.5644904114595476,0.5678103946932422,0.5696994880101829,0.571876351603469,0.5686499768601445,0.5626095791347598,0.552257264833665,0.5431480852067118,0.5372064058810389,0.5331453834055395,0.5313290819026646,0.5281880867913179,0.5245595411670098,0.5219108902881077,0.5200185391701334,0.5201264567882482,0.5195015903458583,0.5192246687017803,0.5203749871009423,0.5200793316880326,0.5216686298885883,0.5230669959981535,0.5228492967711776,0.5211782392394373,0.5158145232337047,0.5043287285339255,0.4958977711422453,0.4970418811184108,0.5237362552590737,0.567615451552429,0.6058610651192324,0.6225888347409141,0.6143651007103517,0.5942206601270906,0.5822817472956301,0.5825370016294602,0.5907957496835534,0.6037056235124174,0.6142438111070474,0.6142681336320459,0.6042208584796035,0.5887882066380061,0.5775658598448934,0.5723519520829595,0.5692010488889815,0.5690465911773437,0.5699803118779143,0.5730545452158842,0.5731995720938262,0.5753487393265111,0.5767774403358757,0.5784885508332784,0.5795831160616479,0.580739452706269,0.5830145872377569,0.5839198752192225,0.5865402724343891,0.5881864968208489,0.5890169907734547,0.5892566236956229,0.5887777045493913,0.5899949774408247,0.5901969390813492,0.5909004616957045,0.5918207728683522,0.5905376580257877,0.5894235486497419,0.5873949276289042,0.5862389701463196,0.5829132033996092,0.5789289684116775,0.5752609000582372,0.5704873980126488,0.56572340686189,0.5596598058188378,0.5549701123943931,0.5495158412282629,0.5423798143115373,0.5364210146857298,0.5320982577936653,0.5288651216797717,0.5262980114086675,0.5247254493647351,0.5215563635432816,0.5204013345713716,0.519408946725952,0.5191389393477229,0.5198677224464263,0.5201179331738963,0.5226645915840812,0.5222419634813396,0.522074454636854,0.5217176839403785,0.5228374505022246,0.5233690854502282,0.5241034173435836,0.5244406397183357,0.5249059608647818,0.5250626813835406,0.5249157483373413,0.5268461301764651
0.5549206746382616,0.5589959011342388,0.5641573718697513,0.5698026468203948,0.5748382335572616,0.5766297967429213,0.5782656937012497,0.575800364418542,0.5703455869293858,0.5594864043324195,0.5494079289030662,0.5445746306487035,0.5416101385350996,0.5389334874856201,0.5345955756118465,0.5307308188118448,0.5275883068950652,0.5264693593820245,0.5269930278158146,0.5263359410211285,0.52520120888579,0.5253852848160062,0.5258514433428855,0.5260384564682632,0.5264473863829123,0.5277891081740448,0.5273503098954808,0.5222425367320883,0.5118773099650435,0.5025311952046113,0.5003848510457147,0.5197830087556012,0.5559682991239971,0.592467959635733,0.6016842505576289,0.5913970032505218,0.573233850222356,0.5644713051179744,0.5724447972924981,0.5849445009591395,0.5992352737781176,0.6099732487470692,0.6103994033598735,0.6003157669251524,0.5872686806834782,0.5741534504185671,0.5677201326600713,0.5653530005867582,0.5648364111836826,0.5653927312215642,0.5686933249259611,0.5707849724269239,0.572618509762586,0.5741654527647504,0.5768632334628316,0.5783791962168668,0.5813019653516606,0.5837313447086491,0.5851348183719193,0.5855995639775086,0.5862842096821252,0.5880981972538153,0.5906305551901907,0.5913647906479309,0.5937477573175416,0.595475060520257,0.5948778505248024,0.5933630232920875,0.592013947614908,0.5908077719749601,0.5879880576272416,0.5847788049475806,0.5820275757574707,0.5785053115646362,0.573921239009092,0.5695465729013769,0.5641846151135748,0.557887096275396,0.551865324325056,0.5449996744165799,0.5392100661080049,0.5325231720605184,0.5286631903303919,0.5256481865240046,0.5229529248910216,0.5202507040603284,0.5186397266025194,0.5171386433141417,0.5155544064773855,0.5140599698019781,0.5139657509320198,0.5153586406851745,0.5153708312966266,0.5167016615501333,0.5175303732219774,0.5166846268045101,0.5179857862893693,0.5189608352762443,0.5197347952094241,0.5198332195350863,0.5208625219176873,0.5220800410113311,0.5222513963476871,0.5237960929107679,0.525234032793049,0.5269747832048142,0.5273825630159371,0.5268816385643496,0.5281603704013306,0.5278439203509909,0.5282632231852845,0.5326321281918368
0.7316544684324874,0.7299967668158758,0.7291691890282261,0.7319103684664426,0.7352152257746686,0.733335520966479,0.7334241561327104,0.7323710979453996,0.7336479051050349,0.7348825484154461,0.7333978378950423,0.7303046597400373,0.7286851974212943,0.7285332314334677,0.7267257924634557,0.726377834508435,0.725576081264577,0.7268768503581136,0.7319098219504969,0.7292428351095753,0.7269218564902336,0.7286100177404465,0.7275127179700706,0.7312030689350861,0.7293492919633686,0.7280264530082122,0.7276014116786822,0.7279827236321263,0.7268437655473071,0.7295025802424178,0.7313824072333709,0.7326687687106507,0.7317742521568287,0.728844311704276,0.724212716405089,0.7208572896082048,0.7195578787527253,0.7109346596199615,0.7021156948205095,0.7012066424719745,0.7180199964310879,0.7503472664425344,0.7735352428218324,0.7569882236011277,0.7175615986880396,0.6811788419331465,0.6706083168133589,0.6893395899373613,0.7073011021295533,0.7179646960414786,0.7207883728932981,0.7241656946266739,0.7271612744004887,0.7308113643652674,0.7335317311550996,0.7321620803041214,0.7314553442481027,0.7312075876533313,0.7309990741156263,0.7334296209601558,0.731872834087421,0.7340282874346904,0.734276544724265,0.7341677589554962,0.7332949336692467,0.7309533111599744,0.73375694273048,0.7344161645047251,0.7375382631393534,0.7365988893719333,0.7380641505899906,0.7378991637486872,0.7368227739062094,0.7351240353605054,0.7351823926294606,0.7405658262735028,0.7452605076223475,0.747941193710514,0.747019225094811,0.7446155725923572,0.7452331884978836,0.7483044393809024,0.7522593147742686,0.7578177186149788,0.7613278965827786,0.7666538139332008,0.7720900254198426,0.7721412791239763,0.7719033014020452,0.7689299412929856,0.7663423953619385,0.7654309248291,0.7612965193286486,0.76181044602567,0.762550809063048,0.7654921541881686,0.76246142754171,0.7566102711122119,0.7517964559837466,0.7459989397273493,0.7445283939311533,0.7405279653368024,0.7363009487210659,0.7302681047102632,0.7280370022916103,0.7253863598093181,0.7239067723979087,0.7267916098213462,0.7279949696175614,0.7316621351189783,0.7338849169376217,0.7327871141090915
0.7283462532183532,0.7308466085687203,0.7324394847390762,0.7306684440885589,0.729116496171074,0.7264015459042392,0.7269695421547376,0.7298312102761215,0.7319022573045463,0.7307854360696568,0.7289543705808009,0.7266994657267346,0.7245474560293702,0.7263706341100281,0.7262901742797424,0.7249673097774256,0.7273779995685308,0.7267300941706019,0.7288215940380475,0.7296517956174057,0.7261008846227823,0.726131754618774,0.7277863063831524,0.7288861683253609,0.7313812217331073,0.7309370821511815,0.7303059337852956,0.7313911687584751,0.7304671035093615,0.7294188513354957,0.727965706133588,0.7257626555832964,0.7253758923617987,0.725215524340225,0.7271290607653521,0.7256440102442533,0.7213331531599577,0.708564518323871,0.7017041549571664,0.709775877154101,0.7339889929754241,0.7696308743036127,0.784087949634066,0.7607245709956201,0.7206869356930502,0.6855362995162014,0.6813226232044584,0.6998631077074691,0.715192623439533,0.721866025110172,0.724325237313168,0.7257105401310601,0.7277793360573325,0.7293509542261544,0.7286782474160819,0.728446679616274,0.7301356825160727,0.7305728283186746,0.7330611227947714,0.7332844337365464,0.7334001185863422,0.7337586683673931,0.7331792715010924,0.7348691964664013,0.7363351753338395,0.7376988143391641,0.7403249113226633,0.7399472382754342,0.7392852582748405,0.7375450061301688,0.7352549887539903,0.7373104787756771,0.7389782052048552,0.7405336673494094,0.7392396173628707,0.7378882975533416,0.7393352751184542,0.7443321125624625,0.7481568707090135,0.750302148743647,0.748354647195065,0.7470402659374985,0.7462959424941261,0.7475858404488979,0.7518668155496326,0.7558844876768751,0.7621938485660682,0.7659735034173611,0.7703217908753051,0.77192023795826,0.7729028729593744,0.7749099586165461,0.7731295154381177,0.7694268044552977,0.7651138124322242,0.7615746812860291,0.7622822360446998,0.7643414142403138,0.763861273319701,0.7612088681693474,0.7538495263718219,0.7474879871955662,0.7417776352635309,0.7395515555235823,0.7377547048516787,0.7358199181676598,0.7350074083496037,0.7353520452869853,0.7354383049450539,0.7350905081429074,0.7357153597636319,0.738631174828937
0.8185494037653183,0.8170403416723271,0.8173583357557052,0.8162892763608708,0.813696452522771,0.8120870062794788,0.8097237306872768,0.8098022982982058,0.8100142495464904,0.8081649959061277,0.8075260983531628,0.8066010754745994,0.8071630923559786,0.8083353366238837,0.8076228828877946,0.8062303267583937,0.8059397013888369,0.8055289024683794,0.8064780672835483,0.8052866167903242,0.8048854934562925,0.8060909411232524,0.8070820130360336,0.807464647709163,0.8056050379038527,0.8049814965153237,0.8051463031828517,0.8057618816374765,0.8065416318142693,0.8072944130504259,0.8078399465660528,0.8071331295151174,0.8064750475154728,0.806481899849481,0.806071789240847,0.8030800719468469,0.7943240692714806,0.7827388879667018,0.7760009370650335,0.7858055450934389,0.8143247578736683,0.8509493926161967,0.862043054005715,0.8310908057969618,0.7868233273733767,0.752616671582354,0.7519128198531847,0.770756764456696,0.7842214106265188,0.7919201705061355,0.7950332154862186,0.7961817493946938,0.7957236962856391,0.7932526288122184,0.7910351538216059,0.791720420098854,0.7938267479642332,0.7963575879315139,0.797259085979699,0.7958397527083692,0.7939555224092087,0.7913537477220015,0.789138565990219,0.7907002026560022,0.7934914582877923,0.7959228256095587,0.7983600703610483,0.7981863780995462,0.7986961169292982,0.7968511139953746,0.7955720502793613,0.7941060574232202,0.7937739956656266,0.7938224330793355,0.7922252639249667,0.7929252663486607,0.7945580315944339,0.7969639182550591,0.7989522403185281,0.7988555996613708,0.7982775040784077,0.7983336286114733,0.7983050632622252,0.7974446836585386,0.7971883558559041,0.7963638804638619,0.7959040658673447,0.7951784447892895,0.7952157632079304,0.7945682644020703,0.7955106164934809,0.7974307270674239,0.7991419560732074,0.7994636625440087,0.8009462731305824,0.803414048659462,0.8084117138663552,0.814601355285079,0.8176025797366111,0.8202238421042537,0.8229235524435055,0.823766369419574,0.8243426192431382,0.819699843412057,0.8132598939879938,0.8079120694172276,0.8027728967081249,0.8029581918705543,0.8034350315575349,0.8045326899503432,0.8059166106287758,0.803240347285765
0.5660228943375283,0.5665639859155496,0.5681259428847666,0.5670472542483403,0.5648767390843462,0.5647258597066189,0.5648915807596789,0.5662477742046818,0.564621153743212,0.5651626426739017,0.5658360643243735,0.5677938041052352,0.5697207059552782,0.5692320759194327,0.5699385408149706,0.5679213468627958,0.5652173223205661,0.5631321397836442,0.5626204621829114,0.5639702514847393,0.5642343103356039,0.5634066348907142,0.5638583089019418,0.5648781064805579,0.5680331212965578,0.5687780195398668,0.5683952100979337,0.5688568138247971,0.5686983656145718,0.5691796162290629,0.5703597570855039,0.5710432547922498,0.5714115123066087,0.5733489661326273,0.5732669719515346,0.574328662263429,0.5722539974241008,0.5671279762624726,0.5647117475321806,0.5744285220099443,0.6002393083068703,0.6379235984580973,0.6559581963543875,0.6381643788897462,0.601527468597614,0.563830546862676,0.5540476974212496,0.5577255926050046,0.5642494152787486,0.5670725763562718,0.567886809308784,0.5659546570980042,0.5664063349181586,0.5662305321283305,0.5678444929111235,0.5714651274421949,0.5731228057504093,0.5782724138657499,0.5821749271568025,0.5859510660313884,0.589368621980532,0.5935035834405957,0.5965233297585846,0.5983767814546727,0.5975806694007093,0.5976212449758165,0.5983435972890899,0.6011957443425664,0.6039313200091502,0.6044135313164947,0.6031819712298468,0.5973448823073424,0.5884736380782317,0.5831747700445037,0.5814386647162274,0.5816361645047151,0.5822987141102772,0.5793549017094151,0.5778077368967521,0.5773366942549134,0.5770085446625235,0.576001353396158,0.5725921261836032,0.5685844815502468,0.5639698631010712,0.5619831990464812,0.5606574952615483,0.5614646561758971,0.5600093806625503,0.5575949877664842,0.5537545614128445,0.549239909636986,0.5459439076290773,0.5450635255102086,0.5461595333414173,0.548086728465055,0.5504863974706956,0.5500966510901303,0.5511391196275915,0.5507853880780068,0.5541463419926195,0.5565417680140122,0.5578605782130821,0.5577714523364398,0.5565030188098116,0.5547349412280131,0.5546450082847505,0.555146457213778,0.5546414680929664,0.5559959317131483,0.5536514666363496,0.5543989413258888
0.5496767478462895,0.5492577466625979,0.5492165781617473,0.5496196438395472,0.5496245394137351,0.5507637632212227,0.5523837423157885,0.5548028939956315,0.558023663847531,0.5619487773428931,0.562594890360797,0.5638264315736502,0.5625440436267166,0.5622984352258428,0.5651560775241885,0.5670836167531018,0.5691537069445847,0.569134374644669,0.5684105809152621,0.5685416038792712,0.5718477868577051,0.5749646772892016,0.5775397815209394,0.5774611198974648,0.5759278276822368,0.5743471534992417,0.5753260966692016,0.5779220396342241,0.5797084748900891,0.5817637003111401,0.5840583681895318,0.5853386738673687,0.5873989621939407,0.5873323690816417,0.5890616126845669,0.590353654301891,0.5904993843521097,0.586783472771575,0.5802206658473302,0.5792055397144847,0.595328096586146,0.6243377742465994,0.657691643437061,0.6568999153366593,0.6284841466563349,0.5879540785959534,0.5603877392810933,0.5585082679248663,0.5657050325629954,0.5732269584161552,0.5776478799854688,0.5785406989756587,0.576809436978008,0.5779929779875477,0.5807829424085716,0.5861812819410593,0.5878640623994936,0.5897894639227595,0.5938311151014473,0.6010474010591832,0.6082690624517977,0.6132782696214352,0.614671379551956,0.613955930312629,0.6139093501039539,0.6118006915762532,0.6113973966233401,0.611260233357626,0.6105677788558327,0.6098291150790853,0.6035822322471729,0.5952902943062515,0.5874381321124863,0.5815519200395133,0.5794185374317556,0.5783641786110448,0.576890005335566,0.575187346584481,0.5747370985597574,0.5723271424911334,0.5720191680738804,0.5719954294651085,0.5712250703308906,0.5699237686754727,0.5667061043784164,0.5612729536350757,0.5552217476376708,0.5512649725157904,0.5497551076456946,0.5468805455869004,0.5457423687721763,0.5415356364807751,0.5389200687056654,0.5378196310256621,0.5359697474987882,0.5343830816628311,0.5359966474089699,0.5362720604131611,0.5369671993251486,0.5356453451104535,0.5333148106130843,0.5330697229499943,0.5355199916141938,0.5388166606944746,0.5424980900897315,0.5438254202792197,0.5431965596208728,0.5424483498527979,0.5414701651112291,0.5412876874560865,0.5399539728107687,0.5400964758878056
0.5496767478462895,0.5492577466625979,0.5492165781617473,0.5496196438395472,0.5496245394137351,0.5507637632212227,0.5523837423157885,0.5548028939956315,0.558023663847531,0.5619487773428931,0.562594890360797,0.5638264315736502,0.5625440436267166,0.5622984352258428,0.5651560775241885,0.5670836167531018,0.5691537069445847,0.569134374644669,0.5684105809152621,0.5685416038792712,0.5718477868577051,0.5749646772892016,0.5775397815209394,0.5774611198974648,0.5759278276822368,0.5743471534992417,0.5753260966692016,0.5779220396342241,0.5797084748900891,0.5817637003111401,0.5840583681895318,0.5853386738673687,0.5873989621939407,0.5873323690816417,0.5890616126845669,0.590353654301891,0.5904993843521097,0.586783472771575,0.5802206658473302,0.5792055397144847,0.595328096586146,0.6243377742465994,0.657691643437061,0.6568999153366593,0.6284841466563349,0.5879540785959534,0.5603877392810933,0.5585082679248663,0.5657050325629954,0.5732269584161552,0.5776478799854688,0.5785406989756587,0.576809436978008,0.5779929779875477,0.5807829424085716,0.5861812819410593,0.5878640623994936,0.5897894639227595,0.5938311151014473,0.6010474010591832,0.6082690624517977,0.6132782696214352,0.614671379551956,0.613955930312629,0.6139093501039539,0.6118006915762532,0.6113973966233401,0.611260233357626,0.6105677788558327,0.6098291150790853,0.6035822322471729,0.5952902943062515,0.5874381321124863,0.5815519200395133,0.5794185374317556,0.5783641786110448,0.576890005335566,0.575187346584481,0.5747370985597574,0.5723271424911334,0.5720191680738804,0.5719954294651085,0.5712250703308906,0.5699237686754727,0.5667061043784164,0.5612729536350757,0.5552217476376708,0.5512649725157904,0.5497551076456946,0.5468805455869004,0.5457423687721763,0.5415356364807751,0.5389200687056654,0.5378196310256621,0.5359697474987882,0.5343830816628311,0.5359966474089699,0.5362720604131611,0.5369671993251486,0.5356453451104535,0.5333148106130843,0.5330697229499943,0.5355199916141938,0.5388166606944746,0.5424980900897315,0.5438254202792197,0.5431965596208728,0.5424483498527979,0.5414701651112291,0.5412876874560865,0.5399539728107687,0.5400964758878056
0.5415356364807751,0.5389200687056654,0.5378196310256621,0.5359697474987882,0.5343830816628311,0.5359966474089699,0.5362720604131611,0.5369671993251486,0.5356453451104535,0.5333148106130843,0.5330697229499943,0.5355199916141938,0.5388166606944746,0.5424980900897315,0.5438254202792197,0.5431965596208728,0.5424483498527979,0.5414701651112291,0.5412876874560865,0.5399539728107687,0.5400964758878056,0.5426182724967021,0.5459696682477116,0.55094827270289,0.5534822758323114,0.5550139434573623,0.5551936796923451,0.5537596218420037,0.5539346203501248,0.5538293513448218,0.5548840196995689,0.5559566924723421,0.5572454400853166,0.558592000235616,0.5589154908032009,0.5584410735086799,0.5560737901298581,0.5519192368917945,0.5483525462032663,0.5559341734574932,0.579763343997535,0.6181388029454613,0.641707254930002,0.6293154792104658,0.59712941375194,0.5609824928690285,0.5499130422956694,0.5563059880074268,0.5627616253321591,0.5693194538373386,0.5706223559573858,0.5711738627233295,0.5717623166918586,0.5729518287659078,0.5757505347217414,0.5770682105923793,0.5799067958971054,0.5843891194973494,0.589567439106718,0.5952797916069782,0.5978882037959959,0.5987006273705276,0.5979922344096857,0.5957784560728943,0.5946123267562223,0.5950088631781579,0.5974292968693417,0.5979425928719111,0.5978257379088521,0.5943762410448786,0.58747517753847,0.5816577483211228,0.5736757917234847,0.5712901676701293,0.5719986294675368,0.5703472549741415,0.5715963449263257,0.572417760671937,0.5732403546777738,0.5751743508435876,0.5741001067241797,0.5713279449701282,0.5697122349007906,0.5669082281995548,0.5631954791196561,0.5593718521396441,0.556198966360996,0.5536100625409922,0.5519986400605099,0.5485902928498783,0.5459744944980337,0.5436170009616632,0.5431702408193049,0.5427535319791297,0.5412568386056209,0.5400042716200876,0.54092000729641,0.54369426750903,0.5469528689483352,0.5474859767290615,0.5469930437942028,0.54466517319715,0.5442460787990961,0.5426937007685955,0.5420293854910796,0.5409090409926773,0.540124437567183,0.5389879732611043,0.5406074513468514,0.5409402144859725,0.5406045354626008,0.539223033432881
0.5935341230959109,0.5930436348649145,0.5913550449598631,0.588491946381255,0.5845403741115515,0.583070913261786,0.5829396648547941,0.584070669940342,0.5840628470014336,0.5827835097038933,0.5830279478391933,0.5864453240453108,0.5901994626582294,0.5927943599668036,0.5947026474416885,0.5961170565490473,0.5983391613473633,0.599323480387221,0.5970300445107407,0.5948067035036197,0.5920920039505974,0.5898953677180117,0.5900061905354032,0.5885403238636909,0.588705611517558,0.5880981682892589,0.5858120402596562,0.5851392258416762,0.5843578544436878,0.5818024692060447,0.5798327709507965,0.5790190021736055,0.5788395204320683,0.5821724176135988,0.5832705542092161,0.5794407656784949,0.5713117076643776,0.561458543526683,0.561364404672374,0.5852394422609655,0.6351239219618259,0.6936235174287522,0.7156632667901873,0.693504106894624,0.6439415170435715,0.5945305498812757,0.5781488371716481,0.58165689193469,0.591537351901456,0.5996162816917714,0.6047060258391891,0.6067488625750704,0.6108345613090599,0.6164782875856467,0.6200974639819306,0.6224886870010867,0.6221503382693154,0.621382285648357,0.6194831291963812,0.6109521017347994,0.6033101638880793,0.5953061983260413,0.5911927138502377,0.5898278137292279,0.587169146585388,0.5855546615971474,0.5868452133312857,0.5875000918346179,0.5891862103348793,0.5864113630186941,0.5850016808401836,0.5842430978570714,0.5828771539384819,0.5853368675198279,0.5859127370536203,0.586184115276389,0.5880104567840624,0.5877405433140404,0.5887213109434885,0.590794205572227,0.5917620749447188,0.5940865985184336,0.5957061120232073,0.5963698350186037,0.5954945817285263,0.5936254147656548,0.5913806222275457,0.5894178402843124,0.5883595686505091,0.5869378288299684,0.5852695257731009,0.5837327213089639,0.5831862563069573,0.5838794714727681,0.5840687565842881,0.5825788831422554,0.5802218821153458,0.5774695986122594,0.5759598666762056,0.5757162773004321,0.5748847481982559,0.5749791165932221,0.5749488623045357,0.5743559232162548,0.5749754362727939,0.5736569356332372,0.5733286135788095,0.573054111622024,0.5714429948738106,0.5704137447995591,0.5675087760412828,0.5650438106361912
0.5935341230959109,0.5930436348649145,0.5913550449598631,0.588491946381255,0.5845403741115515,0.583070913261786,0.5829396648547941,0.584070669940342,0.5840628470014336,0.5827835097038933,0.5830279478391933,0.5864453240453108,0.5901994626582294,0.5927943599668036,0.5947026474416885,0.5961170565490473,0.5983391613473633,0.599323480387221,0.5970300445107407,0.5948067035036197,0.5920920039505974,0.5898953677180117,0.5900061905354032,0.5885403238636909,0.588705611517558,0.5880981682892589,0.5858120402596562,0.5851392258416762,0.5843578544436878,0.5818024692060447,0.5798327709507965,0.5790190021736055,0.5788395204320683,0.5821724176135988,0.5832705542092161,0.5794407656784949,0.5713117076643776,0.561458543526683,0.561364404672374,0.5852394422609655,0.6351239219618259,0.6936235174287522,0.7156632667901873,0.693504106894624,0.6439415170435715,0.5945305498812757,0.5781488371716481,0.58165689193469,0.591537351901456,0.5996162816917714,0.6047060258391891,0.6067488625750704,0.6108345613090599,0.6164782875856467,0.6200974639819306,0.6224886870010867,0.6221503382693154,0.621382285648357,0.6194831291963812,0.6109521017347994,0.6033101638880793,0.5953061983260413,0.5911927138502377,0.5898278137292279,0.587169146585388,0.5855546615971474,0.5868452133312857,0.5875000918346179,0.5891862103348793,0.5864113630186941,0.5850016808401836,0.5842430978570714,0.5828771539384819,0.5853368675198279,0.5859127370536203,0.586184115276389,0.5880104567840624,0.5877405433140404,0.5887213109434885,0.590794205572227,0.5917620749447188,0.5940865985184336,0.5957061120232073,0.5963698350186037,0.5954945817285263,0.5936254147656548,0.5913806222275457,0.5894178402843124,0.5883595686505091,0.5869378288299684,0.5852695257731009,0.5837327213089639,0.5831862563069573,0.5838794714727681,0.5840687565842881,0.5825788831422554,0.5802218821153458,0.5774695986122594,0.5759598666762056,0.5757162773004321,0.5748847481982559,0.5749791165932221,0.5749488623045357,0.5743559232162548,0.5749754362727939,0.5736569356332372,0.5733286135788095,0.573054111622024,0.5714429948738106,0.5704137447995591,0.5675087760412828,0.5650438106361912
0.5805911218996161,0.5805725610930913,0.5793503228598692,0.5791912388335476,0.5780408758610641,0.5745592403910732,0.5740909128133599,0.5701526403110364,0.5717044024686132,0.5707948612554085,0.570077910730839,0.5730784359242093,0.5742330747657368,0.5757746010911322,0.5752150489466835,0.5753148198475146,0.576807752756925,0.5798579821106191,0.5779022062648703,0.5798308976705339,0.5808819375045556,0.583680679796058,0.5854311805111382,0.5822990927098712,0.5809512146811305,0.5802051080264097,0.5805555421093956,0.5859936135540187,0.5838787342033599,0.5837715963571848,0.5832645020186966,0.5835447099687449,0.5892542256567821,0.5903086926792582,0.5907102982218002,0.5846674492312735,0.5762315905918675,0.5696494585218681,0.568875837281091,0.5945066746127605,0.6471949889765939,0.7057149763491235,0.7260383813927873,0.6966901374770508,0.6391629743795363,0.5828986870832324,0.5667580637179452,0.5713306842273411,0.5825162153180758,0.5923747860432187,0.5961558876175509,0.5983416830339571,0.6000642511108796,0.6039908692258886,0.6077489706234384,0.6099908159693508,0.6111291205790279,0.6061970534386604,0.6002254368938971,0.5910345711406798,0.5827709826119821,0.5747814764459312,0.5689262816851297,0.566400525420195,0.5659150517674081,0.566997808780219,0.5682382024830059,0.5701619959896059,0.5700405359347328,0.5707103005066668,0.5700238893101185,0.5696423341016462,0.571811506736343,0.5734410889197968,0.5751933495030888,0.5755905054097353,0.5760307436979083,0.5768031039518259,0.5775613786591519,0.5786301819496089,0.5793361044953708,0.5792046112800633,0.5791251762623312,0.5774459942732865,0.5759714208769793,0.5739035673021272,0.5711729424232763,0.5679068476692946,0.5638295410490705,0.5590446841952037,0.5559925404542683,0.5535373731007954,0.5536019387579216,0.5548103192634172,0.5555700171954512,0.5542791726181984,0.5515675725820555,0.5483281623646173,0.5468197016794608,0.5478036039485533,0.5470999895552296,0.5473592083995467,0.5453131908186682,0.5458640931525387,0.5488493032342584,0.5495761066830513,0.550609428704536,0.5490312624326527,0.5487711152929661,0.5495820549060003,0.5498039498805907,0.5495201021729648
0.5805911218996161,0.5805725610930913,0.5793503228598692,0.5791912388335476,0.5780408758610641,0.5745592403910732,0.5740909128133599,0.5701526403110364,0.5717044024686132,0.5707948612554085,0.570077910730839,0.5730784359242093,0.5742330747657368,0.5757746010911322,0.5752150489466835,0.5753148198475146,0.576807752756925,0.5798579821106191,0.5779022062648703,0.5798308976705339,0.5808819375045556,0.583680679796058,0.5854311805111382,0.5822990927098712,0.5809512146811305,0.5802051080264097,0.5805555421093956,0.5859936135540187,0.5838787342033599,0.5837715963571848,0.5832645020186966,0.5835447099687449,0.5892542256567821,0.5903086926792582,0.5907102982218002,0.5846674492312735,0.5762315905918675,0.5696494585218681,0.568875837281091,0.5945066746127605,0.6471949889765939,0.7057149763491235,0.7260383813927873,0.6966901374770508,0.6391629743795363,0.5828986870832324,0.5667580637179452,0.5713306842273411,0.5825162153180758,0.5923747860432187,0.5961558876175509,0.5983416830339571,0.6000642511108796,0.6039908692258886,0.6077489706234384,0.6099908159693508,0.6111291205790279,0.6061970534386604,0.6002254368938971,0.5910345711406798,0.5827709826119821,0.5747814764459312,0.5689262816851297,0.566400525420195,0.5659150517674081,0.566997808780219,0.5682382024830059,0.5701619959896059,0.5700405359347328,0.5707103005066668,0.5700238893101185,0.5696423341016462,0.571811506736343,0.5734410889197968,0.5751933495030888,0.5755905054097353,0.5760307436979083,0.5768031039518259,0.5775613786591519,0.5786301819496089,0.5793361044953708,0.5792046112800633,0.5791251762623312,0.5774459942732865,0.5759714208769793,0.5739035673021272,0.5711729424232763,0.5679068476692946,0.5638295410490705,0.5590446841952037,0.5559925404542683,0.5535373731007954,0.5536019387579216,0.5548103192634172,0.5555700171954512,0.5542791726181984,0.5515675725820555,0.5483281623646173,0.5468197016794608,0.5478036039485533,0.5470999895552296,0.5473592083995467,0.5453131908186682,0.5458640931525387,0.5488493032342584,0.5495761066830513,0.550609428704536,0.5490312624326527,0.5487711152929661,0.5495820549060003,0.5498039498805907,0.5495201021729648
0.5747443285380168,0.5748601445393798,0.5725172635889797,0.5721365497252114,0.5674801859433172,0.5688489887464845,0.5695568644978036,0.5733538168662805,0.5756372812818483,0.5801434139189142,0.5840614076151915,0.5854913228028195,0.5860203266068799,0.5817201756678391,0.5802796516888675,0.5806634941404821,0.5827095731025725,0.585869596157756,0.5875740525063538,0.5859364721461915,0.5852337370412359,0.5828577948446936,0.5810618714107271,0.5796984926826729,0.5798418616524266,0.5781759502526986,0.5768044115717689,0.5729485878195785,0.5687772551743647,0.5659576860443712,0.565107481182499,0.5644087341092556,0.5618057950917112,0.5605316779603268,0.5576770428704767,0.5580084708209342,0.5535166311687469,0.5434921964521143,0.5319120999905986,0.5365264061254377,0.5753933191986544,0.6402055953586767,0.6895022917821896,0.6871892771149303,0.6413169487412264,0.5785897589798248,0.5417952917725467,0.5361449903670611,0.5439270821733027,0.551327851032762,0.5592828694359766,0.5669102580880088,0.5731181785687987,0.5780595498382842,0.5782584730533383,0.5798407987613616,0.5826227299806986,0.5872827069434311,0.5889202820295225,0.5877548754859948,0.5837977422159728,0.576476612833684,0.5687835747416238,0.5618288021577803,0.5557945206737169,0.5502093071737189,0.5459292437571572,0.5420941156447653,0.5397289952411594,0.5429226249461323,0.5440737035680381,0.5465520709899955,0.5497242377537694,0.5515403665924938,0.55591966937239,0.5581123599848052,0.5606623867627646,0.561803394283418,0.5658195245374412,0.5675360741784247,0.5698736299367266,0.5705172081032781,0.5722992427206004,0.5763145518073497,0.5784167957095061,0.5767001184830802,0.5737490443001904,0.5723994915419252,0.5715987532618557,0.570951127753388,0.5692435129802748,0.5655318461873405,0.5652431273186703,0.5617888088347494,0.559349123735762,0.558862688949509,0.5585389707523575,0.5614290151912028,0.5601941857867994,0.5582045244017042,0.5570711163212835,0.5596133563936361,0.5627674165841579,0.5634175317715735,0.5641737049599735,0.5629337023044637,0.563811887181817,0.5666213752623149,0.5638210377552582,0.5586138151144625,0.5537054865877552,0.5493653360849544
0.5486983724053213,0.5503975658542886,0.5532025857921272,0.5544016576717827,0.5534086480749978,0.5525201463455198,0.5505931854002636,0.548440804807865,0.551182648505842,0.5532440511591666,0.5573416327001751,0.5585337175768098,0.5567608015166335,0.5564547782457089,0.5559456533769829,0.5595701000554028,0.563900063437265,0.5669990004306081,0.5686679569760369,0.56911346365874,0.5703134520511796,0.5732271158035722,0.5771940864000998,0.580222224186532,0.5826025784901137,0.581957959415129,0.5859174586791701,0.5834157065757236,0.5851530756717187,0.5844011111031182,0.5812130843792315,0.583141791667892,0.5800460819714489,0.5821792402698661,0.5828844742339577,0.5819817360021834,0.581878363940538,0.5817409586101709,0.5884330069869506,0.6162643033522321,0.66722882406648,0.7218827156347306,0.7540651203935074,0.7306272391353715,0.6745004329117034,0.6131608014370896,0.5769959546173974,0.5745086820434387,0.5903635571971899,0.6060486628311418,0.6160975764979594,0.6197085959279127,0.6157042817445787,0.6139332791440546,0.6094459030170033,0.6017971679008259,0.5943086326756668,0.5841121161129794,0.5789239757145692,0.5783541781040927,0.5779018867809722,0.5781130297662894,0.5763022736141649,0.5739056715720026,0.5732228344469491,0.5725077200917309,0.5700870122449949,0.5695040307903676,0.5692912166227184,0.5704653732482737,0.5723264865073946,0.5714245037872626,0.5731649333480336,0.5736764510648017,0.5775665824050028,0.5811256123731066,0.5846258662768783,0.5863201822287819,0.5874879177415874,0.5905122906404137,0.5953752131595027,0.5976537700775203,0.5978257673466989,0.59671886870691,0.5921062806145136,0.5888381082439793,0.5821671276429057,0.576341676849075,0.5745143378764551,0.5713446320556193,0.5704567225448919,0.5695371691283213,0.566046367785362,0.5654421357995714,0.5634678216728389,0.5638116162284359,0.565423289671922,0.5664796875810172,0.5688072546236428,0.5682884335767345,0.5714193441973373,0.5710512315008287,0.5714212468580826,0.5687885540067891,0.5663776133305667,0.5650148426277727,0.5623924214212654,0.5623937362002596,0.5599593135237004,0.558562252742396,0.5570093124080816,0.5552142447180711
0.5486983724053213,0.5503975658542886,0.5532025857921272,0.5544016576717827,0.5534086480749978,0.5525201463455198,0.5505931854002636,0.548440804807865,0.551182648505842,0.5532440511591666,0.5573416327001751,0.5585337175768098,0.5567608015166335,0.5564547782457089,0.5559456533769829,0.5595701000554028,0.563900063437265,0.5669990004306081,0.5686679569760369,0.56911346365874,0.5703134520511796,0.5732271158035722,0.5771940864000998,0.580222224186532,0.5826025784901137,0.581957959415129,0.5859174586791701,0.5834157065757236,0.5851530756717187,0.5844011111031182,0.5812130843792315,0.583141791667892,0.5800460819714489,0.5821792402698661,0.5828844742339577,0.5819817360021834,0.581878363940538,0.5817409586101709,0.5884330069869506,0.6162643033522321,0.66722882406648,0.7218827156347306,0.7540651203935074,0.7306272391353715,0.6745004329117034,0.6131608014370896,0.5769959546173974,0.5745086820434387,0.5903635571971899,0.6060486628311418,0.6160975764979594,0.6197085959279127,0.6157042817445787,0.6139332791440546,0.6094459030170033,0.6017971679008259,0.5943086326756668,0.5841121161129794,0.5789239757145692,0.5783541781040927,0.5779018867809722,0.5781130297662894,0.5763022736141649,0.5739056715720026,0.5732228344469491,0.5725077200917309,0.5700870122449949,0.5695040307903676,0.5692912166227184,0.5704653732482737,0.5723264865073946,0.5714245037872626,0.5731649333480336,0.5736764510648017,0.5775665824050028,0.5811256123731066,0.5846258662768783,0.5863201822287819,0.5874879177415874,0.5905122906404137,0.5953752131595027,0.5976537700775203,0.5978257673466989,0.59671886870691,0.5921062806145136,0.5888381082439793,0.5821671276429057,0.576341676849075,0.5745143378764551,0.5713446320556193,0.5704567225448919,0.5695371691283213,0.566046367785362,0.5654421357995714,0.5634678216728389,0.5638116162284359,0.565423289671922,0.5664796875810172,0.5688072546236428,0.5682884335767345,0.5714193441973373,0.5710512315008287,0.5714212468580826,0.5687885540067891,0.5663776133305667,0.5650148426277727,0.5623924214212654,0.5623937362002596,0.5599593135237004,0.558562252742396,0.5570093124080816,0.5552142447180711
0.5557971477733011,0.5574046234293007,0.5561448668976205,0.557094501176323,0.5548227798156754,0.5521566009506053,0.5520215082015658,0.551186488343867,0.553171510103835,0.5544654172122949,0.5548351158398042,0.5551025547949133,0.5540924625732444,0.5532743686126828,0.5523968487914923,0.5516941651474916,0.5508927742695865,0.5504042826097337,0.5492540938123782,0.5480724043727699,0.5456798342034226,0.5445674791406608,0.543684367184126,0.5440652261699309,0.5446021562632105,0.5446640704605052,0.5442582657441023,0.5451366847612001,0.5454677208816918,0.5445573151076109,0.5424366927514868,0.5399449820579084,0.5390514297491575,0.5396836381203958,0.5393592538129584,0.5385866813085947,0.5340525099103619,0.5296056271972245,0.5304223507004187,0.5470955764416419,0.5824520593904654,0.6267122270223152,0.6451808282583601,0.6261425516604053,0.5868009388522092,0.541510694925611,0.5246021123465869,0.5250556676237573,0.5325538464261922,0.5409412485514141,0.5450346108249619,0.5483052105218595,0.5497675321036982,0.5549678072870005,0.5594267840879454,0.5629100633753096,0.5657266790595872,0.566725707805565,0.5661329966049116,0.5650866383669563,0.5641270774987709,0.5645616267080239,0.5663723363380195,0.5687344962477727,0.5679899418772556,0.563334218643187,0.5550287774837226,0.545576456798829,0.5373207605038767,0.5327630275919301,0.5291169426391177,0.5263387749437489,0.5272759591164654,0.528977604661732,0.5325138123659828,0.5347043017548321,0.5351915528520923,0.5363852371716927,0.5383198775487156,0.5412732270788851,0.543560026946064,0.5453154030392916,0.5443067741426391,0.543468141897359,0.5438271768479317,0.5438136832230384,0.5422062757148773,0.5376497872596682,0.5361100817172526,0.5367678355918845,0.5381452682491418,0.5405262345452976,0.5390646250550245,0.5391455265380324,0.5405657141462298,0.5424461960169769,0.5444682894179602,0.5465019797410038,0.547445477554745,0.5470421101360079,0.5468947543073948,0.5467817293461049,0.5489576611237319,0.5507336373683269,0.551062021766147,0.5518027111418953,0.5511570968308254,0.5524813441941213,0.5549394679853895,0.5560914012734722,0.5555441199974572,0.5530832272441641
0.5480045184327557,0.5447871834577681,0.5423454419652837,0.5423040925299483,0.5448811676769648,0.5466995653762005,0.5492225557182655,0.5513687810920398,0.5524513403495779,0.5537895318500989,0.555326922588492,0.5549394079078137,0.5564679457158008,0.5575392017451354,0.5581352517572817,0.558387660481716,0.5590256957252592,0.5605489441168154,0.5615228020859396,0.5622809403040502,0.5623461515814789,0.5629702859461854,0.5634783468241873,0.563105506521209,0.5615842364853338,0.5607623920696293,0.5624941516708574,0.5625746052131945,0.563917971224829,0.5642760504019555,0.5630821699165142,0.5637568265301943,0.5626566203135394,0.5620546072932527,0.5606513482018948,0.5576334621736723,0.5522829112213904,0.5430940781895456,0.5374234595942157,0.5460543232624879,0.5800081305336647,0.6325189701914279,0.6696892106571201,0.663759249832184,0.625197929612484,0.570479187852293,0.5363121976041818,0.5292005515895092,0.5322313835323877,0.5410602662038961,0.5474958446570659,0.5527756608854597,0.5581061721759101,0.5627333198854333,0.5677887636612893,0.5721819612061453,0.5735039499698225,0.577155048460377,0.576607485980447,0.5767830259375265,0.5796251102986286,0.5808115697978362,0.5829767660813231,0.5842442286753163,0.5837148390620731,0.5784749904514578,0.5714527096908691,0.5640969843436057,0.5566552250319579,0.5520898539533835,0.5474416144140485,0.5434411086514983,0.5449662716183084,0.5462361483567267,0.5494413332009627,0.5509374507566532,0.5511448261423899,0.5541423918708172,0.5561006692558937,0.5588627521253388,0.5629005742736074,0.564043801809728,0.5651062203516445,0.5646908603869019,0.5634936655344366,0.5635715480562385,0.5619470042416824,0.5617726686475172,0.5608513263736076,0.5596170867753203,0.5594557944176066,0.5587699478402285,0.560240268707999,0.5613481407614623,0.5616722986163494,0.5629460068304023,0.564180868239557,0.566624507067497,0.5685284165264537,0.5701949536598505,0.571687789023938,0.5746988241866702,0.5771897451567296,0.5787070649816516,0.5798589954733472,0.5796641911823288,0.579751743291019,0.5798577626184173,0.5804505359205008,0.5814363942334924,0.581447198681349,0.5817114429898588
0.5605546423472079,0.5608503996424654,0.5627625689370777,0.5641781382832348,0.563689000895369,0.5636498438432826,0.5627112948991626,0.5684967089388224,0.5699912415416851,0.5707289995270359,0.5683429909344915,0.5690724382897321,0.5746148980702802,0.5795965733939902,0.581431424476417,0.5819958719530491,0.5831149192069881,0.5836846288538036,0.5831034465972457,0.5839685120218181,0.5844118047027895,0.5865182966209074,0.5889480543269671,0.589320657586056,0.5881581661181357,0.5873345452810831,0.5867724772001702,0.5851451056931355,0.587188942311244,0.5902457618824043,0.5940634294328199,0.5977011512452242,0.5963999902143164,0.5938449860872905,0.5897686424084843,0.5870508509887362,0.5811610568657536,0.5786099977511132,0.5883660590485633,0.6222845389617507,0.6796085266510044,0.7357955864558748,0.7403697804071864,0.6991915838644676,0.6341620640025261,0.5752697512385736,0.5601934808856364,0.5627095773799462,0.5733650789154007,0.5826342995326771,0.589964573785402,0.5944036666383321,0.5971867671835802,0.6025568406346482,0.60534680543867,0.609810575082362,0.6147505433695645,0.6137251058633018,0.6171757931580385,0.615496245811674,0.6142807550180689,0.6138983281278533,0.6143403486554581,0.6149169972251429,0.6075140889503023,0.5978995616816054,0.5836166939634062,0.57654542944619,0.5741637157842514,0.5721161541515476,0.5751420633484877,0.5778122415177822,0.5803502593915855,0.5847313452832127,0.5843284046609031,0.583020991962886,0.586568069319313,0.5897176172126516,0.5941161153554355,0.5978445420747092,0.5978370354433739,0.5951638070975512,0.5960473338558914,0.5949739370389755,0.5926093889261397,0.5889106291007435,0.5848602749407842,0.5825742445085139,0.5790196184766306,0.5742459249951124,0.5709418530906445,0.5688480523050681,0.5698138056676988,0.5698269432830687,0.5705226903572783,0.5718627774438644,0.5745303729492615,0.5792052036068082,0.5804664755937302,0.5806497608177348,0.5807226532449649,0.5807068042218977,0.5824056461558407,0.5856878851166629,0.5840516709688042,0.5829043282091103,0.5802805654384445,0.57958657093333,0.5789157188059141,0.5782687550194512,0.5784051922044585,0.5775586030125079
0.5605546423472079,0.5608503996424654,0.5627625689370777,0.5641781382832348,0.563689000895369,0.5636498438432826,0.5627112948991626,0.5684967089388224,0.5699912415416851,0.5707289995270359,0.5683429909344915,0.5690724382897321,0.5746148980702802,0.5795965733939902,0.581431424476417,0.5819958719530491,0.5831149192069881,0.5836846288538036,0.5831034465972457,0.5839685120218181,0.5844118047027895,0.5865182966209074,0.5889480543269671,0.589320657586056,0.5881581661181357,0.5873345452810831,0.5867724772001702,0.5851451056931355,0.587188942311244,0.5902457618824043,0.5940634294328199,0.5977011512452242,0.5963999902143164,0.5938449860872905,0.5897686424084843,0.5870508509887362,0.5811610568657536,0.5786099977511132,0.5883660590485633,0.6222845389617507,0.6796085266510044,0.7357955864558748,0.7403697804071864,0.6991915838644676,0.6341620640025261,0.5752697512385736,0.5601934808856364,0.5627095773799462,0.5733650789154007,0.5826342995326771,0.589964573785402,0.5944036666383321,0.5971867671835802,0.6025568406346482,0.60534680543867,0.609810575082362,0.6147505433695645,0.6137251058633018,0.6171757931580385,0.615496245811674,0.6142807550180689,0.6138983281278533,0.6143403486554581,0.6149169972251429,0.6075140889503023,0.5978995616816054,0.5836166939634062,0.57654542944619,0.5741637157842514,0.5721161541515476,0.5751420633484877,0.5778122415177822,0.5803502593915855,0.5847313452832127,0.5843284046609031,0.583020991962886,0.586568069319313,0.5897176172126516,0.5941161153554355,0.5978445420747092,0.5978370354433739,0.5951638070975512,0.5960473338558914,0.5949739370389755,0.5926093889261397,0.5889106291007435,0.5848602749407842,0.5825742445085139,0.5790196184766306,0.5742459249951124,0.5709418530906445,0.5688480523050681,0.5698138056676988,0.5698269432830687,0.5705226903572783,0.5718627774438644,0.5745303729492615,0.5792052036068082,0.5804664755937302,0.5806497608177348,0.5807226532449649,0.5807068042218977,0.5824056461558407,0.5856878851166629,0.5840516709688042,0.5829043282091103,0.5802805654384445,0.57958657093333,0.5789157188059141,0.5782687550194512,0.5784051922044585,0.5775586030125079
0.5549968961611464,0.5553394255512499,0.5564553978180292,0.5571616975152699,0.5576677952181239,0.5588119102169503,0.5592112436007105,0.5597298369264211,0.5600588269498711,0.5611734859570527,0.5634531051484687,0.5662308755148358,0.5676545491859507,0.568593444902105,0.5690888403249814,0.5698865839689358,0.5704400406193976,0.5721304534322187,0.5731665205248364,0.5747865821255761,0.57642023877322,0.576759928575509,0.5772362701057138,0.5765645165329745,0.5755188335174709,0.5756199738731603,0.5764924878333021,0.5780153671798536,0.5787084533788326,0.5774628447462652,0.5766608118111799,0.5765636735924093,0.5756024760140983,0.577643051000054,0.578167083218926,0.5766114281239724,0.5736873821103684,0.5664464567784246,0.5623137347695751,0.5755087958231032,0.6086263599015598,0.6565222771125668,0.6869410381250044,0.672425377442023,0.6314146304812449,0.5783095079478936,0.5507849762907528,0.5494191493324191,0.5550762420082659,0.5634866035413699,0.567626188352037,0.5704927364358122,0.5736108771715395,0.5760902275093062,0.5802978180018178,0.5843675279321656,0.5896638269483004,0.5942621670749746,0.597050094443721,0.5977046218360392,0.5967845826547583,0.5964531131238416,0.5977142987825703,0.5996974043147801,0.6028326462429661,0.6049567872398941,0.6041276033912346,0.6020617497919243,0.5951781040012746,0.5872246647469008,0.5812296389760787,0.577701342630836,0.5766171527215371,0.5773251381559763,0.5766904897646956,0.5786164056548815,0.5809995272366221,0.5836049268558519,0.5850018869026529,0.5852889982527891,0.5862746348102588,0.5861264840101928,0.5892965185566862,0.5913137136951211,0.5886175720842387,0.5845411495089321,0.5779336103075622,0.5729414720551305,0.5730056855544616,0.572496089343217,0.5709784132567595,0.568892380451818,0.5667269505652004,0.5664296915044865,0.5675884125266643,0.5675391609102121,0.5681122002762051,0.5711801992663109,0.5736202775502874,0.5745111382940655,0.5729585988897187,0.5707861213225643,0.5723666018909027,0.5760559790956598,0.5770454569582696,0.576455535551484,0.5738285121131801,0.5735393506681076,0.575295706687432,0.5775154965127153,0.5800569010054119,0.5797337129908897
0.572496089343217,0.5709784132567595,0.568892380451818,0.5667269505652004,0.5664296915044865,0.5675884125266643,0.5675391609102121,0.5681122002762051,0.5711801992663109,0.5736202775502874,0.5745111382940655,0.5729585988897187,0.5707861213225643,0.5723666018909027,0.5760559790956598,0.5770454569582696,0.576455535551484,0.5738285121131801,0.5735393506681076,0.575295706687432,0.5775154965127153,0.5800569010054119,0.5797337129908897,0.5786951777991617,0.5769648111138723,0.5753654158508541,0.5737267527910584,0.5719758270644844,0.5701125381128762,0.5697253939098229,0.568242718939972,0.5674814867194649,0.5659508489333984,0.5641344313062703,0.5634615023714815,0.5604070561975628,0.5539819883479501,0.5451746370349145,0.5414450774855294,0.5573232602819095,0.6019156874182774,0.6613348620809723,0.6967080103593583,0.6796408525174483,0.6277334134947369,0.5625436053559648,0.5269445787577652,0.5206977246344682,0.526303937252719,0.5359941681731409,0.5417998090877343,0.5449662277493535,0.5479498370728574,0.5514082013249305,0.5548089766650406,0.5593398838977601,0.5619132383598464,0.5656089998372474,0.5671594448353955,0.5668785918118033,0.567116239669615,0.5691258321338133,0.5721169856401197,0.5750361944940044,0.5757648424382343,0.5731781864922626,0.5677550930378943,0.5601311106051906,0.5510732996846248,0.5448066440317318,0.5400070340848488,0.538033627740763,0.5359436113397699,0.53518831737415,0.5380370949343165,0.5418018369313576,0.5457367229034973,0.5481550438767665,0.5495810234984252,0.5500417876501399,0.5519393009518773,0.5537562839147796,0.5546498919665794,0.5546265014869332,0.5532888224567425,0.5509043883591422,0.5483147421592327,0.5445768785309767,0.5420348570390248,0.5398468430770563,0.5392688795273536,0.5394285541479149,0.5381586741192683,0.5375115122564073,0.5386204255776657,0.5402783934227052,0.5430006103844784,0.5436939378854443,0.5447333636469922,0.5449807897049115,0.5458204149389794,0.5474290968876215,0.5476836857276132,0.5480539691781021,0.5496655124054475,0.550104931822681,0.5507580939036987,0.550708050431239,0.5501210840887587,0.5498704569267181,0.5507361180138259,0.5502810766941567
0.572496089343217,0.5709784132567595,0.568892380451818,0.5667269505652004,0.5664296915044865,0.5675884125266643,0.5675391609102121,0.5681122002762051,0.5711801992663109,0.5736202775502874,0.5745111382940655,0.5729585988897187,0.5707861213225643,0.5723666018909027,0.5760559790956598,0.5770454569582696,0.576455535551484,0.5738285121131801,0.5735393506681076,0.575295706687432,0.5775154965127153,0.5800569010054119,0.5797337129908897,0.5786951777991617,0.5769648111138723,0.5753654158508541,0.5737267527910584,0.5719758270644844,0.5701125381128762,0.5697253939098229,0.568242718939972,0.5674814867194649,0.5659508489333984,0.5641344313062703,0.5634615023714815,0.5604070561975628,0.5539819883479501,0.5451746370349145,0.5414450774855294,0.5573232602819095,0.6019156874182774,0.6613348620809723,0.6967080103593583,0.6796408525174483,0.6277334134947369,0.5625436053559648,0.5269445787577652,0.5206977246344682,0.526303937252719,0.5359941681731409,0.5417998090877343,0.5449662277493535,0.5479498370728574,0.5514082013249305,0.5548089766650406,0.5593398838977601,0.5619132383598464,0.5656089998372474,0.5671594448353955,0.5668785918118033,0.567116239669615,0.5691258321338133,0.5721169856401197,0.5750361944940044,0.5757648424382343,0.5731781864922626,0.5677550930378943,0.5601311106051906,0.5510732996846248,0.5448066440317318,0.5400070340848488,0.538033627740763,0.5359436113397699,0.53518831737415,0.5380370949343165,0.5418018369313576,0.5457367229034973,0.5481550438767665,0.5495810234984252,0.5500417876501399,0.5519393009518773,0.5537562839147796,0.5546498919665794,0.5546265014869332,0.5532888224567425,0.5509043883591422,0.5483147421592327,0.5445768785309767,0.5420348570390248,0.5398468430770563,0.5392688795273536,0.5394285541479149,0.5381586741192683,0.5375115122564073,0.5386204255776657,0.5402783934227052,0.5430006103844784,0.5436939378854443,0.5447333636469922,0.5449807897049115,0.5458204149389794,0.5474290968876215,0.5476836857276132,0.5480539691781021,0.5496655124054475,0.550104931822681,0.5507580939036987,0.550708050431239,0.5501210840887587,0.5498704569267181,0.5507361180138259,0.5502810766941567
0.5736872753503416,0.572936026900339,0.5728185179403875,0.5720728888416956,0.569318774668774,0.5673945292957463,0.5679515505622846,0.5697721869450086,0.571733881345008,0.5748959527249851,0.5767072384330016,0.5795020398000527,0.5819407055827034,0.580962041829317,0.5802538844725637,0.5794120497499509,0.578618757326233,0.578922515119876,0.5764901284941878,0.5732723445929772,0.568459636006464,0.5666528868827998,0.5660574147895757,0.5652292192012165,0.564334504743753,0.5622517966341145,0.5611684728657019,0.5610308268935742,0.5602987114859082,0.5576966294660588,0.5551863869209045,0.5537937310373846,0.5530189241507163,0.5527462275925341,0.5503171989998223,0.545227882246435,0.5390225788131185,0.5334372735024371,0.5422458840876728,0.579558965089122,0.6410981500111654,0.6997676722049291,0.7086034635940474,0.6668159454645063,0.5971779429449887,0.5385817898476024,0.5182041524750435,0.5180639086483886,0.5286297666763239,0.5394757761405642,0.5467595690170137,0.5541000051130686,0.5587548698003496,0.5611182691225659,0.562579344281485,0.5638262914356978,0.5681482777893272,0.5706688258381168,0.5740630382475157,0.5757600208829052,0.577934180433653,0.5816016374219029,0.5821125356814413,0.5807907374112496,0.5786631206754519,0.572017355320901,0.5647000782873363,0.5574625692755018,0.5488405459732656,0.5429507026201814,0.5392638466828199,0.5363803179737731,0.5361817490433245,0.5414162902547724,0.5453731089487107,0.5513712871067888,0.5552317015713979,0.5557133317886961,0.556818605568661,0.5587554786937903,0.5592708994891795,0.5588220047483622,0.5562311116323736,0.5525806443237918,0.5513427331052904,0.5484945101361844,0.5487902608752099,0.5477441035291076,0.5484854138381041,0.54742821656003,0.5448750031535001,0.5421020490811285,0.5405114786325654,0.5378866694327241,0.5380489204736119,0.5372320576528137,0.5373462556278596,0.5412903642829148,0.5420560015477909,0.5453231640174498,0.5487421973965143,0.5497011873156917,0.552228122548961,0.553704368098835,0.5535837882762256,0.5562116409533604,0.5579053317799054,0.5550077989312098,0.5533438285205297,0.5503367142948005,0.5495045166561797,0.5497644643989384
0.5844962358544269,0.5834078884475822,0.5814441921949679,0.5791601878677128,0.5765809907053608,0.5754324257194043,0.57583096068457,0.5758555221747994,0.5766536747371069,0.5779817471900973,0.5793081156408068,0.5813145158055655,0.5825438664458032,0.5837514725737918,0.5844651108139322,0.5865651518991966,0.5890139539309257,0.5917180960397493,0.596061631270981,0.5996134889428079,0.6019985696962817,0.6024912253154836,0.6004933811344494,0.6006302985436036,0.5994190086017643,0.5994997249496821,0.5990697686392085,0.5970591439114007,0.5977777246460887,0.5979543418452958,0.5978724405067462,0.5990303570017226,0.5994885733618507,0.598922259722655,0.5976645241804107,0.593871303761941,0.5845703594948861,0.5779154484301714,0.5774513920681944,0.6035480182558126,0.6547153992302704,0.7126712728532186,0.733149205086012,0.7019500523147363,0.644544887419529,0.5850744420051432,0.5612088167551834,0.5625666453684633,0.5737229072535184,0.5855159372550065,0.5935854731683907,0.5962971975531469,0.596191689667328,0.5976136097102303,0.6003820953635827,0.6023900540631351,0.6047747016244237,0.605503431662508,0.6055168515043832,0.6063951390833059,0.6058230659338657,0.6038784438638958,0.5970039998054965,0.5893298930122529,0.5829780468765916,0.576995559530061,0.5724654395258447,0.5675483320962322,0.5632289719874248,0.5602556363389222,0.5613959144677826,0.5612149789454978,0.5612681519502213,0.5626776873726972,0.564501566123175,0.5681691381274567,0.5722365820914803,0.5731609742235074,0.5738016240117668,0.574982950967127,0.5768814060790343,0.5792271837240637,0.5813391725338335,0.5808025620191269,0.5800140687988884,0.5778245670289524,0.5750868431580654,0.5732886033085863,0.5697896608994587,0.5675903885345569,0.5626998212008348,0.5608361399702367,0.5598051495173908,0.5584694635660159,0.5587792682908058,0.5578687860349784,0.5573434009496359,0.5565536689634973,0.5553325342237014,0.5550826613683056,0.5549872139151439,0.5544230609865158,0.5535835086333097,0.5514568486983407,0.5497890586093536,0.5494349396188694,0.5491501702438462,0.548979663840897,0.5489615171975587,0.5475332705748169,0.5466147421832893,0.5467895788303871
0.5844962358544269,0.5834078884475822,0.5814441921949679,0.5791601878677128,0.5765809907053608,0.5754324257194043,0.57583096068457,0.5758555221747994,0.5766536747371069,0.5779817471900973,0.5793081156408068,0.5813145158055655,0.5825438664458032,0.5837514725737918,0.5844651108139322,0.5865651518991966,0.5890139539309257,0.5917180960397493,0.596061631270981,0.5996134889428079,0.6019985696962817,0.6024912253154836,0.6004933811344494,0.6006302985436036,0.5994190086017643,0.5994997249496821,0.5990697686392085,0.5970591439114007,0.5977777246460887,0.5979543418452958,0.5978724405067462,0.5990303570017226,0.5994885733618507,0.598922259722655,0.5976645241804107,0.593871303761941,0.5845703594948861,0.5779154484301714,0.5774513920681944,0.6035480182558126,0.6547153992302704,0.7126712728532186,0.733149205086012,0.7019500523147363,0.644544887419529,0.5850744420051432,0.5612088167551834,0.5625666453684633,0.5737229072535184,0.5855159372550065,0.5935854731683907,0.5962971975531469,0.596191689667328,0.5976136097102303,0.6003820953635827,0.6023900540631351,0.6047747016244237,0.605503431662508,0.6055168515043832,0.6063951390833059,0.6058230659338657,0.6038784438638958,0.5970039998054965,0.5893298930122529,0.5829780468765916,0.576995559530061,0.5724654395258447,0.5675483320962322,0.5632289719874248,0.5602556363389222,0.5613959144677826,0.5612149789454978,0.5612681519502213,0.5626776873726972,0.564501566123175,0.5681691381274567,0.5722365820914803,0.5731609742235074,0.5738016240117668,0.574982950967127,0.5768814060790343,0.5792271837240637,0.5813391725338335,0.5808025620191269,0.5800140687988884,0.5778245670289524,0.5750868431580654,0.5732886033085863,0.5697896608994587,0.5675903885345569,0.5626998212008348,0.5608361399702367,0.5598051495173908,0.5584694635660159,0.5587792682908058,0.5578687860349784,0.5573434009496359,0.5565536689634973,0.5553325342237014,0.5550826613683056,0.5549872139151439,0.5544230609865158,0.5535835086333097,0.5514568486983407,0.5497890586093536,0.5494349396188694,0.5491501702438462,0.548979663840897,0.5489615171975587,0.5475332705748169,0.5466147421832893,0.5467895788303871
0.5728478408630339,0.5677268846458388,0.5695072253989965,0.5674375907272009,0.5671216741848566,0.5712417222477064,0.5682915979506764,0.5703685116457843,0.570594281393722,0.5728292006717601,0.574625378747626,0.5734987307764299,0.574376452465915,0.5745183798951474,0.577705932170009,0.5809886112743696,0.583153579695969,0.584964136672744,0.5822214505868831,0.5815237870218177,0.581092211917421,0.5821053969216957,0.5854225475961278,0.5837053311862821,0.5802627495597098,0.5768028409946234,0.572140495912437,0.5716725832220152,0.5736720066296173,0.5756657940261238,0.576686282787382,0.5785945308418562,0.5780435065453147,0.5806967356793584,0.5812853725921668,0.5800466982685508,0.5766381366223439,0.5733725616650827,0.5754158205425025,0.5885215008891093,0.6253640660757694,0.6810252470174681,0.727568590457283,0.726187519489729,0.6746330756162727,0.6040367677904284,0.545965624367369,0.5307849918018548,0.5413506696119172,0.5549017003049939,0.5675102266646169,0.5688415244409872,0.5706034371865611,0.572281400818402,0.5785935107970114,0.5865338660858052,0.5876973616103208,0.5914112973424396,0.5907452364052178,0.5903813163536064,0.5896819217721249,0.5852508701198071,0.5813171305527144,0.575566191632161,0.5669539837726194,0.563384172045761,0.5557008091468889,0.5532382391267159,0.5506302059235525,0.5512881863430247,0.5539921720522119,0.5560187307289959,0.55812194242592,0.5588870641923901,0.5621961666505941,0.5650322471272514,0.5670406664811509,0.567433247008866,0.5673387611854608,0.5696431101330635,0.5737798067140183,0.5753373396564183,0.5768842440078378,0.5753934710932859,0.5742752044119893,0.5725521062256759,0.5692196298872915,0.565125874765997,0.5600008320689328,0.5548254985453569,0.5509648826737477,0.54624684220553,0.5443710520283097,0.5439963445453918,0.5444404029805335,0.5463300547257284,0.5481924468280676,0.5497764567723865,0.5490333909857655,0.5459970405278581,0.5428330074865804,0.5461086769489896,0.5487412808194388,0.5539980550924541,0.5581518579456798,0.5597423008477344,0.5623934658478544,0.5652582859770784,0.5654185175346623,0.5656530501102205,0.5681192664244517,0.5683305359978121
0.5436862236025021,0.5408305753353575,0.5392543936054113,0.537081328448156,0.5373895458982036,0.5373751412074329,0.5339201367981715,0.5332390330813002,0.5327300748882244,0.5334266502680522,0.5345188081451433,0.5343772828922635,0.535323447060127,0.53773153852923,0.5401811980692632,0.5399507466902043,0.5394878288870135,0.5386642693370336,0.5405255213625508,0.5415888539163116,0.5429135550336461,0.5430451863634489,0.5437687399064102,0.5454357005131093,0.5458301087979428,0.5474423503352314,0.5473571414697993,0.5485266226743811,0.5484367128045579,0.5453021397026235,0.5450696169033423,0.5463494103302993,0.5496388512426197,0.5540510095771038,0.5521601253015066,0.5474951619930565,0.5410292468428985,0.5350760348874728,0.5367648683681171,0.5652343136217005,0.6144307493600129,0.6678479717626967,0.6846175794458009,0.6534904719756047,0.5989557887734511,0.5477078940447592,0.5306708857974172,0.5325085319847322,0.5418677630122399,0.5518885096035696,0.5578056900191029,0.5611729704227628,0.5642330616493985,0.5680332038216737,0.5718268557026529,0.5736782054472297,0.5739288231742741,0.5742597323107076,0.577657961016646,0.5823197672328201,0.5839628940616807,0.5832455109046519,0.577112860777416,0.5700766373402767,0.5637820569972413,0.5583725293284113,0.5551036317752991,0.5516212726393271,0.5507488738820171,0.5474794837365936,0.548998181237774,0.5526567833034858,0.5548187996385926,0.5588365727603397,0.5626381961460564,0.5653899301812134,0.5684391121214656,0.5696392656514266,0.5692941251946184,0.5704620451860714,0.5719635274673633,0.5730147044510416,0.5741208870753417,0.5735852949856969,0.5724717907990567,0.570148284297274,0.5667503958869564,0.5640716462042001,0.5603281049338409,0.5577678420181251,0.5554396810294147,0.5539292676268596,0.5571552339454277,0.5590233938031515,0.5613023690926924,0.5615390595816956,0.5610524526477968,0.5603060356833544,0.562691661842377,0.5657087719074185,0.5665492001762182,0.5674798587530238,0.5641352807538895,0.5625383227827067,0.5631000021388441,0.564412598804963,0.5673530213851392,0.5680495083693954,0.5668656742171724,0.5656107893541747,0.5630278002519331,0.5631177131092814
